,relationships,funding_rounds,funding_total_usd,is_software,is_web,is_mobile,is_enterprise,is_advertising,is_gamesvideo,is_ecommerce,is_biotech,is_consulting,is_othercategory,has_VC,has_angel,has_roundA,has_roundB,has_roundC,has_roundD,avg_participants,is_top500,status
0,3,3,375000,0,0,0,0,0,0,0,0,0,1,0,1,0,0,0,0,1.0,0,acquired
1,9,4,40100000,0,0,0,1,0,0,0,0,0,0,1,0,0,1,1,1,4.75,1,acquired
2,5,1,2600000,0,1,0,0,0,0,0,0,0,0,0,0,1,0,0,0,4.0,1,acquired
3,5,3,40000000,1,0,0,0,0,0,0,0,0,0,0,0,0,1,1,1,3.3333,1,acquired
4,2,2,1300000,0,0,0,0,0,1,0,0,0,0,1,1,0,0,0,0,1.0,1,closed
5,3,1,7500000,0,0,0,0,0,0,0,0,0,1,0,0,0,1,0,0,3.0,1,closed
6,6,3,26000000,1,0,0,0,0,0,0,0,0,0,1,0,1,1,0,0,1.6667,1,acquired
7,25,3,34100000,0,0,0,0,0,0,0,0,0,1,0,0,1,1,0,1,3.5,1,acquired
8,13,3,9650000,0,0,1,0,0,0,0,0,0,0,1,0,1,0,0,1,4.0,1,acquired
9,14,3,5750000,0,1,0,0,0,0,0,0,0,0,1,1,1,0,0,0,1.0,1,acquired
10,22,3,27500000,0,0,1,0,0,0,0,0,0,0,0,0,1,1,0,0,1.0,1,acquired
11,8,5,10400000,0,1,0,0,0,0,0,0,0,0,1,1,1,0,0,0,1.75,1,closed
12,0,1,350000,0,1,0,0,0,0,0,0,0,0,1,0,0,0,0,0,1.0,0,closed
13,15,3,9950000,0,0,0,0,0,0,0,0,0,1,0,0,1,1,1,0,2.3333,1,acquired
14,12,5,10700000,1,0,0,0,0,0,0,0,0,0,0,0,1,1,0,0,2.5,1,acquired
15,0,1,200000,0,0,0,0,0,0,0,0,0,1,1,0,0,0,0,0,1.0,0,closed
16,8,5,49000000,0,0,0,0,0,0,0,0,0,1,1,0,1,1,1,1,3.5,1,closed
17,7,4,25000000,0,0,0,0,0,1,0,0,0,0,0,0,1,1,1,1,3.5,1,acquired
18,10,3,4575000,0,1,0,0,0,0,0,0,0,0,0,1,1,0,0,0,5.0,1,acquired
19,13,2,28000000,0,0,0,1,0,0,0,0,0,0,0,0,1,1,0,0,1.0,1,closed
20,8,2,4355000,1,0,0,0,0,0,0,0,0,0,0,1,1,0,0,0,1.5,0,acquired
21,3,1,15000000,0,0,0,0,0,0,0,0,0,1,0,0,0,1,0,0,2.0,1,closed
22,1,1,3170000,0,1,0,0,0,0,0,0,0,0,0,0,1,0,0,0,2.0,0,closed
23,4,2,2300000,0,0,1,0,0,0,0,0,0,0,0,1,1,0,0,0,2.0,0,closed
24,5,2,455000,0,0,0,0,0,0,0,0,0,1,0,1,1,0,0,0,4.5,1,closed
25,3,1,13000000,1,0,0,0,0,0,0,0,0,0,0,0,0,0,1,0,4.0,1,acquired
26,7,1,15000000,0,0,0,0,0,0,0,0,0,1,0,0,0,0,1,0,4.0,1,acquired
27,2,1,3800000,0,0,0,0,0,0,0,0,0,1,0,0,0,1,0,0,2.0,1,acquired
28,37,5,299500000,0,1,0,0,0,0,0,0,0,0,1,0,1,0,1,0,1.75,1,acquired
29,5,1,1000000,0,0,0,0,0,0,0,0,0,1,1,0,0,0,0,0,2.0,1,acquired
30,3,2,10500000,0,0,0,0,0,0,0,0,0,1,0,0,1,1,0,0,2.0,1,closed
31,6,2,8600000,0,0,0,0,0,0,0,0,0,1,1,0,0,1,0,0,1.5,1,acquired
32,9,2,5000000,1,0,0,0,0,0,0,0,0,0,0,0,1,1,0,0,2.5,1,closed
33,3,2,2304999,0,0,1,0,0,0,0,0,0,0,1,0,0,0,0,0,5.0,1,acquired
34,2,1,25000,0,0,0,0,0,0,0,0,0,1,0,1,0,0,0,0,1.0,0,closed
35,1,1,4000000,1,0,0,0,0,0,0,0,0,0,0,0,0,1,0,0,1.0,1,closed
36,8,2,14600000,1,0,0,0,0,0,0,0,0,0,0,0,1,1,0,0,2.0,1,closed
37,0,3,44000000,0,0,0,0,0,0,0,0,0,1,0,0,0,1,1,0,4.5,1,closed
38,10,3,1822922,0,0,0,0,0,0,1,0,0,0,0,1,1,0,0,0,2.3333,1,acquired
39,18,7,29915001,0,0,0,0,1,0,0,0,0,0,1,1,1,1,1,0,2.75,1,acquired
40,26,4,33000000,0,0,0,1,0,0,0,0,0,0,0,0,1,1,1,0,3.0,1,acquired
41,9,2,125000,0,0,1,0,0,0,0,0,0,0,0,1,0,0,0,0,1.0,0,acquired
42,7,2,4000000,0,0,0,0,0,0,0,0,0,1,1,0,1,0,0,0,1.0,1,closed
43,10,1,10000000,0,0,0,1,0,0,0,0,0,0,0,0,0,0,1,0,2.0,1,acquired
44,25,1,6000000,0,0,0,0,1,0,0,0,0,0,0,0,0,0,1,0,3.0,1,acquired
45,4,1,25000000,1,0,0,0,0,0,0,0,0,0,0,0,0,1,0,0,5.0,1,acquired
46,2,3,3750000,0,0,0,0,0,0,0,0,0,1,0,1,1,0,0,0,2.0,1,acquired
47,9,1,3000000,1,0,0,0,0,0,0,0,0,0,0,0,1,0,0,0,1.0,1,acquired
48,6,2,1155000,1,0,0,0,0,0,0,0,0,0,0,1,0,0,0,0,9.5,1,acquired
49,11,1,10000000,1,0,0,0,0,0,0,0,0,0,0,0,0,0,0,1,2.0,1,acquired
50,5,1,3000000,0,1,0,0,0,0,0,0,0,0,0,0,1,0,0,0,1.0,1,acquired
51,4,2,11500000,0,0,1,0,0,0,0,0,0,0,0,0,0,0,0,0,1.0,1,acquired
52,12,1,5000000,0,1,0,0,0,0,0,0,0,0,0,0,1,0,0,0,3.0,1,acquired
53,9,2,29000000,0,0,0,0,0,0,0,0,0,1,1,0,0,0,0,1,5.0,1,acquired
54,37,6,34700000,0,0,0,1,0,0,0,0,0,0,1,1,1,1,1,1,5.0,1,acquired
55,0,2,12050000,1,0,0,0,0,0,0,0,0,0,1,0,1,0,0,0,2.0,1,closed
56,13,3,12000000,0,0,0,0,0,0,0,0,0,1,1,0,1,1,0,0,2.0,1,acquired
57,18,1,5500000,0,0,0,0,0,0,0,0,1,0,0,0,0,0,1,0,2.0,1,acquired
58,10,3,24000000,1,0,0,0,0,0,0,0,0,0,0,0,1,1,0,0,3.3333,1,acquired
59,6,2,10000000,0,0,1,0,0,0,0,0,0,0,0,0,1,1,0,0,4.5,1,acquired
60,10,3,19009671,0,0,0,0,0,0,0,1,0,0,0,0,0,1,0,0,2.0,1,closed
61,6,1,5000000,0,0,0,0,0,0,0,0,0,1,0,0,1,0,0,0,1.0,1,closed
62,2,5,18914576,0,0,0,1,0,0,0,0,0,0,1,0,0,0,1,0,3.0,1,acquired
63,0,1,4000000,1,0,0,0,0,0,0,0,0,0,1,0,0,0,0,0,3.0,0,closed
64,5,3,2030882,1,0,0,0,0,0,0,0,0,0,0,0,1,0,0,0,3.0,1,acquired
65,4,1,5000000,0,0,0,0,0,0,0,0,0,1,0,0,0,1,0,0,1.0,1,acquired
66,5,1,20500000,1,0,0,0,0,0,0,0,0,0,1,0,0,0,0,0,4.0,1,closed
67,4,2,13250000,0,0,0,0,1,0,0,0,0,0,1,0,0,0,0,0,2.0,0,acquired
68,7,1,12000000,0,0,0,0,0,0,0,0,0,1,0,0,0,0,0,0,2.0,1,acquired
69,9,3,11489687,0,0,0,0,1,0,0,0,0,0,0,1,1,1,0,0,3.3333,1,acquired
70,15,1,4000000,0,1,0,0,0,0,0,0,0,0,0,0,1,0,0,0,3.0,1,acquired
71,3,1,355000,1,0,0,0,0,0,0,0,0,0,0,1,0,0,0,0,1.0,0,acquired
72,10,2,118000,0,1,0,0,0,0,0,0,0,0,0,1,0,0,0,0,1.5,1,acquired
73,17,4,40400000,0,0,0,0,1,0,0,0,0,0,0,0,1,1,1,1,1.6667,1,acquired
74,1,1,3000000,1,0,0,0,0,0,0,0,0,0,0,0,1,0,0,0,1.0,1,closed
75,2,2,19700000,1,0,0,0,0,0,0,0,0,0,1,0,0,1,0,0,4.0,1,closed
76,0,2,17800000,1,0,0,0,0,0,0,0,0,0,1,0,0,0,0,0,1.0,1,closed
77,12,3,57500000,0,0,0,0,0,0,0,0,0,1,0,1,1,1,0,0,4.0,1,acquired
78,10,3,17200000,0,0,0,0,0,1,0,0,0,0,0,0,1,1,1,0,2.6667,1,acquired
79,4,7,457282,0,0,1,0,0,0,0,0,0,0,1,1,0,0,0,0,1.0,1,closed
80,11,4,18500000,0,0,1,0,0,0,0,0,0,0,0,1,1,1,0,0,2.25,1,acquired
81,2,1,12000000,0,0,0,0,0,0,0,0,0,1,0,0,1,0,0,0,6.0,1,closed
82,5,2,510000000,0,0,0,0,0,0,0,0,0,1,1,0,0,0,0,0,2.5,1,closed
83,3,2,18250000,0,0,0,0,0,0,0,0,0,1,0,0,1,1,0,0,2.5,1,acquired
84,13,4,41500019,0,0,0,0,0,0,0,0,0,1,0,0,0,0,1,0,4.0,1,acquired
85,1,1,1000000,1,0,0,0,0,0,0,0,0,0,0,0,1,0,0,0,3.0,0,closed
86,7,1,5000000,0,1,0,0,0,0,0,0,0,0,0,0,1,0,0,0,1.0,1,acquired
87,2,3,42700000,0,0,0,0,0,0,0,0,0,1,1,0,0,1,0,0,3.6667,1,closed
88,7,1,12000000,0,0,0,0,0,0,1,0,0,0,1,0,0,0,0,0,9.0,1,closed
89,5,2,22300000,1,0,0,0,0,0,0,0,0,0,0,0,0,1,1,0,4.5,1,acquired
90,5,2,10000000,0,0,0,0,0,0,0,0,0,1,1,0,0,1,0,0,4.0,1,acquired
91,1,3,15564591,0,0,0,0,1,0,0,0,0,0,1,0,0,1,1,0,3.5,1,closed
92,7,1,500000,0,1,0,0,0,0,0,0,0,0,0,1,0,0,0,0,5.0,1,acquired
93,24,2,8950000,0,0,0,0,0,0,0,0,0,1,0,0,1,0,0,0,7.0,1,acquired
94,8,4,55350000,0,0,0,0,0,0,0,0,0,1,0,0,1,1,1,1,4.0,1,acquired
95,1,1,4000000,0,0,0,0,0,0,0,0,0,1,0,0,0,1,0,0,3.0,1,closed
96,3,5,10764323,1,0,0,0,0,0,0,0,0,0,1,0,1,0,0,0,2.0,1,acquired
97,1,1,5500000,1,0,0,0,0,0,0,0,0,0,1,0,0,0,0,0,3.0,1,closed
98,7,1,400000,0,0,0,0,0,0,0,0,0,1,0,1,0,0,0,0,3.0,1,acquired
99,3,3,54000000,0,0,0,0,0,0,0,0,0,1,1,0,0,0,1,0,2.6667,1,closed
100,2,1,32000000,1,0,0,0,0,0,0,0,0,0,0,0,0,1,0,0,7.0,1,closed
101,1,1,13000000,1,0,0,0,0,0,0,0,0,0,0,0,0,0,0,1,4.0,1,acquired
102,5,3,12500000,1,0,0,0,0,0,0,0,0,0,1,0,1,1,0,0,2.3333,1,acquired
103,16,4,38064570,0,0,0,0,0,0,0,0,0,1,1,0,0,1,1,1,3.0,1,acquired
104,21,2,6000000,0,1,0,0,0,0,0,0,0,0,0,1,1,0,0,0,4.0,1,acquired
105,4,2,5000000,0,1,0,0,0,0,0,0,0,0,0,0,1,1,0,0,1.0,0,closed
106,9,3,59000000,1,0,0,0,0,0,0,0,0,0,1,0,0,0,1,0,2.0,1,acquired
107,2,1,1000000,0,1,0,0,0,0,0,0,0,0,0,1,0,0,0,0,1.0,0,closed
108,5,1,600000,0,1,0,0,0,0,0,0,0,0,0,1,0,0,0,0,7.0,1,acquired
109,0,2,125000000,0,0,1,0,0,0,0,0,0,0,0,0,1,1,0,0,2.0,1,closed
110,11,2,2750000,0,1,0,0,0,0,0,0,0,0,0,1,1,0,0,0,4.0,1,acquired
111,1,2,30000000,0,0,0,0,0,0,0,0,0,1,0,0,1,1,0,0,2.5,1,acquired
112,0,1,7000000,0,0,0,0,0,0,0,0,0,1,0,0,0,0,1,0,1.0,0,closed
113,10,1,6100000,0,0,0,0,0,0,0,0,0,1,0,0,0,1,0,0,4.0,1,acquired
114,12,3,2100000,0,0,0,1,0,0,0,0,0,0,1,1,0,0,0,0,4.0,1,closed
115,10,2,2565000,0,0,1,0,0,0,0,0,0,0,0,1,1,0,0,0,3.5,1,acquired
116,0,1,2000000,0,0,0,0,0,0,0,1,0,0,0,0,0,0,0,0,1.0,0,closed
117,3,3,22400000,0,0,0,0,0,0,0,0,0,1,1,0,0,1,1,0,3.6667,1,acquired
118,12,1,6250000,0,0,0,0,0,0,1,0,0,0,0,0,1,0,0,0,1.0,0,acquired
119,4,1,575000,0,1,0,0,0,0,0,0,0,0,0,1,0,0,0,0,6.0,0,acquired
120,1,2,53000,0,1,0,0,0,0,0,0,0,0,0,1,0,0,0,0,1.0,1,closed
121,6,2,9500000,0,0,0,0,0,0,1,0,0,0,0,0,1,1,0,0,2.5,1,acquired
122,7,2,3500000,0,0,0,1,0,0,0,0,0,0,0,1,1,0,0,0,1.0,1,closed
123,14,3,10500000,0,0,0,0,0,0,0,0,0,1,1,0,1,0,0,0,6.3333,1,acquired
124,14,4,34250000,0,0,0,0,0,0,0,0,0,1,1,0,1,1,1,0,2.25,1,acquired
125,2,5,85381111,0,0,0,0,0,0,0,1,0,0,0,0,1,1,1,0,4.6667,1,acquired
126,6,3,100000000,0,1,0,0,0,0,0,0,0,0,1,0,1,0,0,0,2.5,1,acquired
127,3,2,125000,0,0,0,0,1,0,0,0,0,0,1,1,0,0,0,0,1.0,1,closed
128,2,2,10600000,0,0,1,0,0,0,0,0,0,0,1,0,0,1,0,0,3.0,1,closed
129,2,3,26100000,0,0,0,0,0,0,0,0,0,1,1,0,0,1,0,0,3.5,1,acquired
130,2,1,30000000,0,1,0,0,0,0,0,0,0,0,1,0,0,0,0,0,5.0,1,acquired
131,6,3,132885,0,0,0,0,0,1,0,0,0,0,0,1,0,0,0,0,1.0,1,closed
132,9,3,9500000,1,0,0,0,0,0,0,0,0,0,0,0,1,1,1,0,2.0,1,acquired
133,9,1,18000000,0,0,0,0,0,0,0,0,0,1,1,0,0,0,0,0,7.0,1,acquired
134,4,1,690000,0,1,0,0,0,0,0,0,0,0,0,1,0,0,0,0,3.0,1,closed
135,1,3,25131611,0,0,1,0,0,0,0,0,0,0,1,0,0,1,0,0,1.0,1,acquired
136,1,1,2000000,0,0,0,0,0,0,0,0,0,1,0,0,0,0,0,0,1.0,1,closed
137,4,3,78750000,0,0,0,0,0,0,0,1,0,0,0,0,1,1,0,0,3.5,1,acquired
138,27,5,48500000,0,0,0,0,1,0,0,0,0,0,1,1,1,1,1,0,2.5,1,acquired
139,12,1,15000000,0,0,0,0,0,0,0,0,0,1,0,0,1,0,0,0,3.0,0,closed
140,13,5,74000000,0,0,0,0,0,0,0,0,0,1,1,0,0,1,1,0,5.3333,1,acquired
141,6,2,15000000,1,0,0,0,0,0,0,0,0,0,0,0,1,1,0,0,3.0,1,acquired
142,8,3,45000000,0,0,0,0,0,1,0,0,0,0,0,0,1,0,0,0,1.0,0,closed
143,4,1,4410000,0,0,1,0,0,0,0,0,0,0,0,0,1,0,0,0,1.0,1,acquired
144,9,2,4500000,0,1,0,0,0,0,0,0,0,0,0,0,1,1,0,0,2.0,1,acquired
145,11,3,11040000,1,0,0,0,0,0,0,0,0,0,0,0,1,1,1,0,2.5,1,acquired
146,6,1,1600000,0,0,0,0,0,1,0,0,0,0,0,0,1,0,0,0,3.0,1,acquired
147,3,2,9000000,1,0,0,0,0,0,0,0,0,0,1,0,0,1,0,0,4.0,1,acquired
148,4,3,3282327,0,0,0,0,0,0,0,0,0,1,1,0,0,0,0,0,2.0,1,acquired
149,5,2,24700000,0,1,0,0,0,0,0,0,0,0,0,0,1,1,0,0,4.0,1,acquired
150,2,2,8800000,0,0,0,0,0,0,0,0,0,1,1,0,1,0,0,0,1.0,1,closed
151,1,1,1700000,0,1,0,0,0,0,0,0,0,0,0,0,1,0,0,0,1.0,0,closed
152,1,1,20000,0,1,0,0,0,0,0,0,0,0,0,1,0,0,0,0,1.0,0,closed
153,10,2,11500000,0,0,1,0,0,0,0,0,0,0,0,0,1,1,0,0,2.5,1,acquired
154,12,7,98170000,0,0,1,0,0,0,0,0,0,0,1,0,0,1,1,1,5.2,1,closed
155,2,1,1350000,0,1,0,0,0,0,0,0,0,0,0,1,0,0,0,0,10.0,1,acquired
156,17,1,940261,1,0,0,0,0,0,0,0,0,0,0,0,1,0,0,0,1.0,1,acquired
157,12,2,4000000,0,1,0,0,0,0,0,0,0,0,0,1,1,0,0,0,3.0,1,acquired
158,5,1,5000000,0,1,0,0,0,0,0,0,0,0,0,0,1,0,0,0,1.0,0,closed
159,3,1,20000,0,1,0,0,0,0,0,0,0,0,0,1,0,0,0,0,1.0,0,closed
160,5,1,12500000,0,0,0,0,0,0,0,0,0,1,0,0,0,1,0,0,3.0,1,acquired
161,0,5,7228704,0,0,0,0,0,0,0,0,0,1,1,0,1,0,0,0,2.0,1,closed
162,5,2,55000000,0,0,0,0,0,0,0,1,0,0,1,0,0,1,0,0,4.0,1,closed
163,5,4,15180000,0,0,0,1,0,0,0,0,0,0,1,0,1,0,1,0,1.0,1,acquired
164,4,2,30000000,1,0,0,0,0,0,0,0,0,0,0,0,1,1,0,0,2.5,1,closed
165,11,2,14500000,0,0,0,0,0,0,0,0,0,1,0,0,1,1,0,0,1.5,1,acquired
166,6,1,6500000,0,0,0,0,1,0,0,0,0,0,1,0,0,0,0,0,3.0,1,acquired
167,2,1,15000,0,1,0,0,0,0,0,0,0,0,0,1,0,0,0,0,1.0,0,closed
168,5,5,4705910,0,0,1,0,0,0,0,0,0,0,1,1,0,0,0,0,3.0,1,acquired
169,6,1,3000000,0,0,0,0,0,1,0,0,0,0,1,0,0,0,0,0,1.0,1,acquired
170,30,6,125250000,0,1,0,0,0,0,0,0,0,0,1,0,1,1,1,1,3.5,1,acquired
171,8,4,1449998,0,0,0,0,0,0,0,0,0,1,1,1,0,0,0,0,1.0,1,closed
172,5,2,6000000,0,0,1,0,0,0,0,0,0,0,0,1,1,0,0,0,6.0,1,acquired
173,7,3,28200000,0,0,0,0,0,0,0,0,0,1,1,0,0,1,1,0,3.0,1,acquired
174,5,2,14000000,1,0,0,0,0,0,0,0,0,0,1,0,1,0,0,0,2.0,1,acquired
175,14,1,3000000,0,0,0,1,0,0,0,0,0,0,0,0,1,0,0,0,1.0,0,closed
176,6,2,2238055,0,0,0,1,0,0,0,0,0,0,1,1,0,0,0,0,1.0,1,closed
177,5,2,5200000,0,0,0,0,0,0,0,0,0,1,1,0,1,0,0,0,1.0,1,closed
178,4,1,75000000,0,0,0,0,0,0,1,0,0,0,1,0,0,0,0,0,1.0,0,acquired
179,13,4,24500000,1,0,0,0,0,0,0,0,0,0,0,0,1,1,1,0,2.5,1,closed
180,3,3,4476171,0,0,0,0,1,0,0,0,0,0,1,0,1,0,0,0,2.0,1,closed
181,21,3,10400001,0,1,0,0,0,0,0,0,0,0,0,0,1,1,0,0,6.0,1,acquired
182,8,3,68400000,0,0,0,0,0,0,0,0,0,1,1,0,0,0,1,1,6.5,1,acquired
183,13,2,15200000,1,0,0,0,0,0,0,0,0,0,0,0,1,1,0,0,2.0,1,acquired
184,2,2,890000,0,0,1,0,0,0,0,0,0,0,0,1,0,0,0,0,3.0,1,closed
185,0,1,2600000,0,0,1,0,0,0,0,0,0,0,1,0,0,0,0,0,1.0,1,closed
186,7,1,1226270,0,0,0,1,0,0,0,0,0,0,0,1,0,0,0,0,1.0,1,acquired
187,5,2,9000000,0,1,0,0,0,0,0,0,0,0,0,0,1,1,0,0,1.0,0,acquired
188,4,4,7210210,0,0,0,1,0,0,0,0,0,0,1,0,1,1,0,0,1.0,0,acquired
189,15,2,15700000,0,0,0,0,0,0,0,0,0,1,0,0,1,0,0,0,3.0,1,acquired
190,4,2,15050000,1,0,0,0,0,0,0,0,0,0,1,0,0,0,1,0,2.5,1,acquired
191,5,2,3500000,0,0,0,0,0,1,0,0,0,0,0,0,1,1,0,0,3.0,1,acquired
192,2,2,43000000,1,0,0,0,0,0,0,0,0,0,0,0,0,0,1,1,1.0,1,closed
193,7,2,57000000,0,1,0,0,0,0,0,0,0,0,0,0,1,1,0,0,3.5,1,acquired
194,8,1,1300000,0,1,0,0,0,0,0,0,0,0,0,1,0,0,0,0,4.0,1,acquired
195,15,4,69750000,0,0,0,0,0,1,0,0,0,0,0,0,1,1,1,1,5.0,1,acquired
196,16,2,14500000,0,0,0,0,1,0,0,0,0,0,0,1,0,1,0,0,2.0,1,acquired
197,2,2,48000000,0,0,0,0,0,0,0,0,0,1,0,0,0,0,1,1,6.0,1,closed
198,3,2,3508462,0,0,0,0,0,0,0,0,0,1,1,0,1,0,0,0,3.0,1,closed
199,10,3,19500000,1,0,0,0,0,0,0,0,0,0,0,0,1,1,0,0,3.3333,1,acquired
200,5,1,3750000,0,0,1,0,0,0,0,0,0,0,0,0,0,0,0,0,9.0,1,acquired
201,1,1,45000000,0,1,0,0,0,0,0,0,0,0,0,0,0,0,0,0,2.0,0,closed
202,8,4,32500000,0,0,0,1,0,0,0,0,0,0,0,0,1,1,1,1,2.75,1,closed
203,4,2,4900000,0,0,0,1,0,0,0,0,0,0,0,1,0,1,0,0,1.5,1,acquired
204,4,2,12000000,0,0,0,0,1,0,0,0,0,0,0,0,0,1,1,0,2.0,1,closed
205,12,3,7175000,0,1,0,0,0,0,0,0,0,0,0,1,1,1,0,0,2.6667,1,acquired
206,3,2,4700000,0,1,0,0,0,0,0,0,0,0,0,1,1,0,0,0,1.5,1,closed
207,3,1,120000,0,0,0,0,0,0,0,0,0,1,0,1,0,0,0,0,2.0,0,closed
208,10,3,10000000,0,0,0,0,1,0,0,0,0,0,1,0,0,1,0,0,1.6667,0,acquired
209,0,4,39000000,0,0,0,0,0,0,0,0,0,1,1,0,1,0,0,0,3.0,0,closed
210,3,2,16100000,1,0,0,0,0,0,0,0,0,0,0,0,0,1,1,0,2.5,1,acquired
211,4,2,3300000,0,0,0,0,1,0,0,0,0,0,0,1,1,0,0,0,2.0,1,acquired
212,6,1,750000,0,0,0,0,0,0,0,0,0,1,0,1,0,0,0,0,9.0,1,acquired
213,0,2,1000000,1,0,0,0,0,0,0,0,0,0,1,1,0,0,0,0,2.0,0,closed
214,3,1,7410000,0,0,0,0,0,0,0,1,0,0,1,0,0,0,0,0,3.0,1,closed
215,5,3,52800000,0,0,0,0,0,0,0,0,0,1,1,0,0,0,1,0,5.3333,1,acquired
216,33,3,37000000,1,0,0,0,0,0,0,0,0,0,0,0,1,1,1,0,1.3333,1,closed
217,14,3,14229998,0,1,0,0,0,0,0,0,0,0,0,0,1,1,0,0,3.0,1,acquired
218,7,2,3000000,0,0,0,0,0,0,0,0,0,1,0,0,1,1,0,0,2.5,1,acquired
219,10,1,20000000,0,0,0,0,1,0,0,0,0,0,0,0,1,0,0,0,1.0,0,acquired
220,6,2,2000000,0,0,0,0,1,0,0,0,0,0,0,1,0,0,0,0,1.5,1,acquired
221,3,2,19900000,1,0,0,0,0,0,0,0,0,0,1,0,0,1,0,0,2.0,1,acquired
222,6,1,1500000,0,0,0,0,0,0,1,0,0,0,0,0,0,0,0,0,1.0,0,closed
223,4,1,325000,0,0,0,0,0,0,0,0,0,1,0,1,0,0,0,0,4.0,0,closed
224,16,1,3500000,0,0,0,1,0,0,0,0,0,0,0,0,1,0,0,0,5.0,1,closed
225,7,4,30000000,0,0,0,0,0,0,0,0,0,1,0,1,1,1,0,0,2.0,1,closed
226,1,1,50000000,0,0,0,0,0,0,0,1,0,0,0,0,0,0,0,1,6.0,1,acquired
227,5,1,2000000,0,0,0,0,0,0,1,0,0,0,0,0,1,0,0,0,3.0,1,acquired
228,25,6,72000000,0,0,0,0,1,0,0,0,0,0,1,0,1,1,1,1,2.3333,1,acquired
229,4,3,27690547,0,0,0,0,0,0,0,0,0,1,0,0,0,1,1,1,4.5,1,acquired
230,32,1,9000000,0,0,0,0,0,0,0,0,0,1,0,0,0,1,0,0,4.0,1,closed
231,12,2,7500000,0,0,0,1,0,0,0,0,0,0,0,0,1,0,0,0,3.5,1,acquired
232,9,2,10000000,1,0,0,0,0,0,0,0,0,0,0,0,1,0,0,0,2.0,1,acquired
233,7,4,5965000,1,0,0,0,0,0,0,0,0,0,1,0,1,0,0,0,1.0,0,acquired
234,9,1,4000000,0,0,1,0,0,0,0,0,0,0,0,0,1,0,0,0,1.0,0,acquired
235,2,1,5000000,0,0,0,0,1,0,0,0,0,0,1,0,0,0,0,0,1.0,0,closed
236,15,1,11500000,0,0,0,0,1,0,0,0,0,0,0,0,1,0,0,0,2.0,1,acquired
237,2,2,1050000,0,1,0,0,0,0,0,0,0,0,1,0,0,0,0,0,1.0,0,closed
238,13,2,5500000,0,1,0,0,0,0,0,0,0,0,0,0,1,0,0,0,2.0,1,acquired
239,17,3,5000000,0,0,0,0,1,0,0,0,0,0,0,1,1,0,0,0,1.6667,1,acquired
240,11,2,3700000,0,0,0,1,0,0,0,0,0,0,1,0,0,0,0,0,3.0,0,closed
241,4,2,7000000,1,0,0,0,0,0,0,0,0,0,0,0,1,0,0,0,2.0,0,closed
242,14,2,32000000,0,0,0,0,0,0,0,0,0,1,0,0,1,1,0,0,3.5,1,closed
243,8,3,7900000,0,0,0,0,1,0,0,0,0,0,0,0,1,0,0,0,2.0,0,acquired
244,16,5,80000000,0,0,0,0,0,0,0,0,0,1,0,1,1,1,1,1,2.25,1,acquired
245,1,1,5000000,0,0,1,0,0,0,0,0,0,0,1,0,0,0,0,0,1.0,1,closed
246,5,2,2100000,0,0,0,0,0,0,0,0,0,1,0,1,1,0,0,0,1.5,1,acquired
247,6,4,22250000,0,0,0,1,0,0,0,0,0,0,0,0,1,1,1,1,2.5,1,acquired
248,6,2,1975000,0,0,0,1,0,0,0,0,0,0,1,1,0,0,0,0,3.0,0,acquired
249,0,1,1000000,0,1,0,0,0,0,0,0,0,0,0,1,0,0,0,0,1.0,1,acquired
250,0,1,35000000,0,0,0,0,0,0,0,0,0,1,0,0,0,0,1,0,1.0,0,closed
251,12,7,88651133,0,0,1,0,0,0,0,0,0,0,1,1,1,1,1,1,3.1667,1,acquired
252,3,1,26000000,0,0,0,0,0,0,0,0,0,1,1,0,0,0,0,0,2.0,1,acquired
253,3,1,100000,0,0,0,0,0,1,0,0,0,0,0,1,0,0,0,0,1.0,0,closed
254,6,1,5000000,0,0,1,0,0,0,0,0,0,0,0,0,1,0,0,0,1.0,1,acquired
255,5,2,7300000,0,0,0,0,0,0,0,1,0,0,1,0,1,0,0,0,3.0,1,closed
256,8,3,64080000,0,0,0,0,0,0,0,1,0,0,0,0,1,1,1,0,4.0,1,acquired
257,8,2,5800000,0,0,0,1,0,0,0,0,0,0,0,1,1,0,0,0,4.0,1,acquired
258,6,4,89500000,0,0,0,0,0,0,0,0,0,1,0,0,0,1,1,0,1.0,1,closed
259,11,4,23350000,0,0,0,0,0,1,0,0,0,0,0,1,1,1,0,0,3.0,1,acquired
260,7,2,13500000,1,0,0,0,0,0,0,0,0,0,1,0,0,0,1,0,2.5,1,acquired
261,13,2,24500000,0,0,0,0,0,0,0,0,0,1,0,0,0,0,0,0,5.5,1,acquired
262,2,1,10000000,0,0,0,0,0,0,0,0,0,1,0,0,0,0,1,0,4.0,1,closed
263,3,1,8500000,0,0,0,0,0,0,0,0,0,1,1,0,0,0,0,0,1.0,0,closed
264,0,1,6000000,0,0,0,0,0,0,0,0,0,1,0,0,0,1,0,0,3.0,0,closed
265,3,1,2000000,1,0,0,0,0,0,0,0,0,0,0,0,1,0,0,0,2.0,1,acquired
266,3,2,4100000,0,0,0,1,0,0,0,0,0,0,0,0,1,0,0,0,1.5,1,acquired
267,5,1,6200000,0,0,0,0,0,0,0,0,0,1,0,0,1,0,0,0,2.0,1,acquired
268,8,2,12250000,0,0,0,0,1,0,0,0,0,0,0,0,0,1,1,0,2.5,1,acquired
269,3,2,11725600,0,0,1,0,0,0,0,0,0,0,0,0,1,1,0,0,2.0,1,acquired
270,1,2,16000000,1,0,0,0,0,0,0,0,0,0,0,0,1,1,0,0,3.0,1,closed
271,10,3,5056559,0,0,1,0,0,0,0,0,0,0,1,0,1,0,0,0,1.6667,1,acquired
272,9,1,100000,0,1,0,0,0,0,0,0,0,0,0,1,0,0,0,0,1.0,1,acquired
273,11,3,68200000,0,0,0,0,0,0,0,0,0,1,1,1,0,0,0,0,4.0,1,acquired
274,5,3,33000000,0,0,0,1,0,0,0,0,0,0,1,0,0,1,0,1,3.6667,1,acquired
275,8,3,3352194,0,0,0,0,0,0,0,0,0,1,0,1,1,0,0,0,9.5,0,closed
276,5,2,2212000,0,0,0,0,0,0,0,0,0,1,0,1,1,0,0,0,3.0,1,acquired
277,1,4,19800000,0,0,0,0,0,0,0,1,0,0,1,0,0,0,0,1,5.0,1,acquired
278,6,2,4500000,0,1,0,0,0,0,0,0,0,0,0,1,1,0,0,0,3.0,1,closed
279,2,2,14000000,1,0,0,0,0,0,0,0,0,0,1,0,0,1,0,0,1.5,1,acquired
280,4,1,100000,0,0,0,0,0,0,0,0,0,1,0,1,0,0,0,0,1.0,0,closed
281,4,2,9900000,1,0,0,0,0,0,0,0,0,0,0,0,1,1,0,0,2.0,1,acquired
282,10,3,7600000,0,0,0,0,1,0,0,0,0,0,0,0,1,1,0,0,5.0,1,acquired
283,2,1,50000,0,0,0,0,0,1,0,0,0,0,0,1,0,0,0,0,2.0,0,closed
284,3,1,650000,0,0,0,0,0,0,0,0,0,1,0,1,0,0,0,0,1.0,0,closed
285,8,3,10500000,0,0,1,0,0,0,0,0,0,0,1,0,1,1,0,0,2.0,1,closed
286,12,1,500000,0,1,0,0,0,0,0,0,0,0,0,1,0,0,0,0,1.0,0,acquired
287,2,2,24300000,0,1,0,0,0,0,0,0,0,0,0,0,0,1,1,0,2.5,1,acquired
288,6,2,18000000,0,0,0,0,0,0,0,0,0,1,1,0,0,1,0,0,4.0,1,closed
289,27,3,26000000,0,0,0,0,0,0,0,0,0,1,0,0,1,1,1,0,3.6667,1,acquired
290,2,2,9500000,0,0,0,0,0,0,0,0,0,1,1,0,0,1,0,0,3.0,1,closed
291,6,1,16980999,0,0,0,0,0,0,0,1,0,0,0,0,0,1,0,0,1.0,1,acquired
292,2,1,5000000,0,0,0,0,0,1,0,0,0,0,0,0,1,0,0,0,3.0,0,closed
293,3,1,350000,0,0,0,0,0,0,0,0,0,1,1,0,0,0,0,0,1.0,0,closed
294,1,5,13130000,0,1,0,0,0,0,0,0,0,0,1,0,1,0,0,0,2.0,1,closed
295,1,1,20000000,1,0,0,0,0,0,0,0,0,0,0,0,1,0,0,0,1.0,0,closed
296,18,3,26500000,0,0,1,0,0,0,0,0,0,0,1,0,1,1,0,0,2.0,1,acquired
297,4,2,15000000,0,0,0,1,0,0,0,0,0,0,0,0,0,1,0,0,5.0,1,acquired
298,0,1,2600000,0,0,0,0,0,0,0,0,0,1,0,0,1,0,0,0,1.0,0,closed
299,1,4,21470000,0,0,0,0,0,0,0,0,0,1,0,0,1,1,0,0,3.5,1,closed
300,5,1,20000,0,0,1,0,0,0,0,0,0,0,0,1,0,0,0,0,1.0,0,closed
301,10,2,3600000,0,1,0,0,0,0,0,0,0,0,0,1,1,0,0,0,1.0,0,closed
302,23,7,27300000,0,0,0,0,0,1,0,0,0,0,0,1,1,1,1,1,2.0,1,acquired
303,8,1,2600000,0,0,0,0,0,0,1,0,0,0,0,0,1,0,0,0,2.0,0,acquired
304,5,1,5000000,0,1,0,0,0,0,0,0,0,0,0,0,1,0,0,0,1.0,1,closed
305,2,2,17000000,0,0,1,0,0,0,0,0,0,0,0,0,1,1,0,0,3.5,1,acquired
306,0,1,662000,0,0,0,0,0,0,0,0,0,1,0,0,1,0,0,0,3.0,0,closed
307,12,2,3750000,0,0,0,0,0,0,0,0,0,1,0,1,1,0,0,0,4.0,1,acquired
308,57,4,45000000,0,0,0,0,0,0,0,0,0,1,0,0,1,1,1,1,4.6667,1,acquired
309,9,2,6700000,0,0,0,0,0,0,0,0,0,1,1,0,0,0,0,0,8.0,1,acquired
310,12,3,20750000,0,0,0,0,0,0,0,0,0,1,1,0,1,1,0,0,2.3333,1,acquired
311,5,4,19000000,0,0,0,0,0,1,0,0,0,0,0,0,1,1,1,0,2.0,1,acquired
312,20,3,22500000,0,0,0,0,0,0,0,0,0,1,1,0,1,0,0,0,4.0,1,acquired
313,10,3,7300000,0,0,0,0,1,0,0,0,0,0,0,1,1,1,0,0,2.0,1,acquired
314,16,7,26390819,0,1,0,0,0,0,0,0,0,0,1,0,1,1,0,0,1.3333,1,closed
315,4,1,10000000,1,0,0,0,0,0,0,0,0,0,0,0,0,0,1,0,3.0,1,acquired
316,1,1,31000,0,1,0,0,0,0,0,0,0,0,0,1,0,0,0,0,2.0,0,closed
317,16,3,21500000,0,0,1,0,0,0,0,0,0,0,0,0,1,1,0,0,3.3333,1,acquired
318,5,1,4000000,0,0,0,0,0,0,0,0,0,1,0,0,0,0,0,0,5.0,1,acquired
319,5,3,9400000,0,0,0,0,0,1,0,0,0,0,1,0,1,1,0,0,4.0,1,acquired
320,9,3,5600000,0,1,0,0,0,0,0,0,0,0,0,0,1,1,0,0,2.0,1,acquired
321,9,2,6000000,0,0,0,0,0,0,0,0,0,1,0,0,1,1,0,0,2.5,1,acquired
322,35,4,60704370,0,0,0,0,0,0,0,0,0,1,1,0,0,1,0,1,2.0,1,acquired
323,16,3,2000000,0,0,0,0,0,0,0,0,0,1,0,1,0,0,0,0,3.6667,1,acquired
324,5,2,1000000,0,0,0,0,0,0,0,0,0,1,1,0,1,0,0,0,5.5,1,acquired
325,3,2,200000,0,0,0,0,0,1,0,0,0,0,0,1,1,0,0,0,2.0,1,closed
326,2,1,2300000,0,0,0,0,0,0,0,0,0,1,0,0,1,0,0,0,2.0,1,closed
327,5,1,1000000,0,0,1,0,0,0,0,0,0,0,0,0,1,0,0,0,1.0,1,closed
328,13,5,24750000,0,0,0,0,0,0,0,0,0,1,1,1,1,1,0,0,2.4,1,acquired
329,15,2,12800000,1,0,0,0,0,0,0,0,0,0,0,0,1,1,0,0,2.0,1,closed
330,10,2,30500000,0,0,0,1,0,0,0,0,0,0,0,0,0,0,0,1,4.5,1,acquired
331,3,3,36300000,0,0,0,0,0,0,0,0,0,1,1,0,0,0,1,0,1.5,1,closed
332,7,3,6693782,0,0,0,0,0,0,0,0,0,1,1,0,0,0,0,0,1.6667,1,acquired
333,1,1,20000000,0,0,0,0,0,0,0,0,0,1,0,0,0,0,1,0,5.0,1,closed
334,8,1,11370000,0,0,0,0,0,0,0,0,0,1,0,0,1,0,0,0,2.0,1,acquired
335,13,3,16500000,0,1,0,0,0,0,0,0,0,0,0,0,1,1,1,0,1.3333,1,acquired
336,3,1,250000,0,0,0,0,0,0,0,0,0,1,0,1,0,0,0,0,3.0,0,closed
337,9,5,14400000,0,1,0,0,0,0,0,0,0,0,0,1,1,1,0,0,5.8,1,acquired
338,24,5,90000000,0,0,0,1,0,0,0,0,0,0,1,0,1,1,1,1,3.8,1,acquired
339,10,4,13075000,0,0,0,0,1,0,0,0,0,0,0,0,1,1,0,0,4.0,1,acquired
340,10,2,26000000,0,0,0,0,0,1,0,0,0,0,0,0,1,0,1,0,2.5,1,acquired
341,6,2,16300000,0,0,0,1,0,0,0,0,0,0,0,0,0,1,0,0,2.0,1,acquired
342,5,2,5992316,0,0,0,1,0,0,0,0,0,0,1,0,1,0,0,0,2.0,0,acquired
343,2,4,89400001,0,0,0,0,0,0,0,1,0,0,1,0,1,1,0,0,4.3333,1,acquired
344,4,1,1200000,1,0,0,0,0,0,0,0,0,0,0,0,1,0,0,0,1.0,0,closed
345,7,2,1900000,0,1,0,0,0,0,0,0,0,0,0,1,1,0,0,0,2.5,1,closed
346,9,3,30300000,0,0,0,0,0,1,0,0,0,0,1,0,0,0,0,1,4.5,1,closed
347,4,1,500000,0,1,0,0,0,0,0,0,0,0,0,1,0,0,0,0,5.0,0,closed
348,19,5,74000000,0,0,0,0,0,0,0,0,0,1,0,1,1,1,1,1,1.75,1,acquired
349,3,1,18800000,0,0,0,0,0,0,0,0,0,1,0,0,0,0,1,0,7.0,1,acquired
350,3,1,20000,0,1,0,0,0,0,0,0,0,0,0,1,0,0,0,0,1.0,0,closed
351,3,4,3350000,0,0,1,0,0,0,0,0,0,0,0,1,1,1,0,0,1.5,0,acquired
352,1,1,26100000,0,0,0,0,0,0,0,1,0,0,1,0,0,0,0,0,2.0,1,acquired
353,0,2,1213066,0,0,0,1,0,0,0,0,0,0,1,0,0,0,0,0,1.0,1,closed
354,18,3,24030000,0,0,0,0,1,0,0,0,0,0,0,0,1,1,0,0,3.6667,1,acquired
355,14,3,13100000,0,0,0,0,0,0,0,0,0,1,0,1,0,1,1,0,1.6667,1,acquired
356,6,3,560001,1,0,0,0,0,0,0,0,0,0,1,1,0,0,0,0,3.5,1,acquired
357,7,1,3500000,0,0,0,1,0,0,0,0,0,0,0,0,1,0,0,0,2.0,1,acquired
358,45,7,121500000,0,0,1,0,0,0,0,0,0,0,1,0,1,1,1,1,4.5,1,acquired
359,18,4,42500000,0,0,1,0,0,0,0,0,0,0,1,0,1,1,1,0,2.5,1,acquired
360,26,2,36000000,1,0,0,0,0,0,0,0,0,0,1,0,0,0,0,1,3.5,1,acquired
361,7,1,12170000,0,0,0,1,0,0,0,0,0,0,0,0,0,0,1,0,3.0,1,closed
362,4,1,1000000,1,0,0,0,0,0,0,0,0,0,0,0,1,0,0,0,3.0,1,acquired
363,5,3,1820000,0,0,1,0,0,0,0,0,0,0,0,1,0,0,0,0,1.0,0,acquired
365,6,1,5000000,0,0,0,0,0,0,0,0,0,1,0,0,0,0,1,0,5.0,1,acquired
366,4,2,18800000,0,0,0,0,0,0,0,0,0,1,0,0,1,1,0,0,2.5,1,acquired
367,3,2,72300000,0,0,0,0,1,0,0,0,0,0,0,0,0,1,1,0,4.5,1,acquired
368,3,3,1310000,0,0,0,0,0,0,0,0,0,1,0,1,0,0,0,0,1.0,0,acquired
369,2,2,15000000,1,0,0,0,0,0,0,0,0,0,0,0,1,1,0,0,2.5,1,closed
370,22,3,39007789,0,0,0,1,0,0,0,0,0,0,0,0,1,1,1,0,3.0,1,acquired
371,3,1,25000000,1,0,0,0,0,0,0,0,0,0,0,0,0,0,0,1,5.0,1,acquired
372,4,3,172500,0,1,0,0,0,0,0,0,0,0,0,1,0,0,0,0,1.0,0,acquired
373,23,2,6100000,0,0,0,0,0,0,0,0,0,1,0,0,1,1,0,0,1.0,1,acquired
374,7,3,40300000,0,0,1,0,0,0,0,0,0,0,1,0,0,1,1,0,4.0,1,acquired
375,9,1,100000,0,0,0,0,0,0,1,0,0,0,0,1,0,0,0,0,1.0,0,closed
376,14,5,19389998,0,0,0,0,0,0,0,0,0,1,1,0,1,1,1,0,1.5,1,acquired
377,21,2,61500000,0,0,0,0,0,0,0,0,0,1,0,0,0,1,0,1,4.0,1,acquired
378,6,1,6000000,1,0,0,0,0,0,0,0,0,0,0,0,1,0,0,0,2.0,1,acquired
379,23,4,19100000,0,0,1,0,0,0,0,0,0,0,0,0,1,1,1,0,2.5,1,acquired
380,8,4,3499997,0,0,0,0,1,0,0,0,0,0,1,0,1,0,0,0,1.5,1,acquired
381,13,3,2600000,0,0,0,0,0,0,0,0,0,1,0,1,1,0,0,0,3.6667,1,acquired
382,14,3,2023000,0,1,0,0,0,0,0,0,0,0,0,1,1,0,0,0,1.3333,1,acquired
383,3,1,25000000,0,0,0,0,0,0,0,0,0,1,1,0,0,0,0,0,4.0,1,acquired
384,17,4,66000000,0,0,0,0,0,0,0,0,0,1,1,0,1,1,1,0,2.3333,1,acquired
385,5,2,1000000,0,0,0,0,1,0,0,0,0,0,0,1,0,0,0,0,3.5,0,acquired
386,11,2,13000000,0,0,1,0,0,0,0,0,0,0,0,0,1,1,0,0,3.0,1,acquired
387,3,3,24150000,1,0,0,0,0,0,0,0,0,0,1,0,1,1,0,0,2.3333,1,closed
388,4,3,47218498,0,0,0,0,0,0,0,0,0,1,1,0,0,0,1,1,3.3333,1,closed
389,1,2,11800000,0,0,0,0,0,0,0,0,0,1,0,0,0,0,1,1,4.5,1,acquired
390,2,2,2387481,0,0,0,0,0,0,0,0,0,1,1,0,0,0,0,0,1.0,1,closed
391,35,4,33000000,0,0,0,0,0,0,0,0,1,0,1,0,1,1,1,0,2.5,1,acquired
392,4,2,7500000,1,0,0,0,0,0,0,0,0,0,0,0,1,1,0,0,1.5,1,acquired
393,3,1,25000000,0,0,0,0,0,0,0,1,0,0,0,0,0,0,1,0,1.0,1,acquired
394,7,4,25305000,1,0,0,0,0,0,0,0,0,0,1,0,1,1,1,0,2.0,1,acquired
395,21,2,4950000,0,1,0,0,0,0,0,0,0,0,0,1,1,0,0,0,12.5,1,acquired
396,8,6,53816776,1,0,0,0,0,0,0,0,0,0,1,0,0,1,1,1,5.0,1,acquired
397,15,2,3500000,0,1,0,0,0,0,0,0,0,0,0,0,1,1,0,0,5.5,1,acquired
398,7,1,5000000,0,0,0,1,0,0,0,0,0,0,0,0,1,0,0,0,1.0,0,acquired
399,9,3,2515000,0,0,0,0,0,0,0,0,0,1,1,1,1,0,0,0,1.6667,1,acquired
400,10,2,8400000,0,1,0,0,0,0,0,0,0,0,0,0,1,1,0,0,2.0,1,acquired
401,5,2,4900000,0,0,1,0,0,0,0,0,0,0,0,0,1,1,0,0,1.0,1,closed
402,3,1,5000000,1,0,0,0,0,0,0,0,0,0,1,0,0,0,0,0,5.0,1,closed
403,2,1,11000000,0,0,0,0,0,0,0,0,0,1,0,0,0,0,1,0,3.0,1,acquired
404,6,4,68400000,0,0,1,0,0,0,0,0,0,0,1,0,1,0,1,1,4.0,1,acquired
405,7,2,2000000,1,0,0,0,0,0,0,0,0,0,0,1,1,0,0,0,8.5,1,acquired
406,2,2,10800000,0,0,0,1,0,0,0,0,0,0,1,0,1,0,0,0,2.0,1,closed
407,31,5,37000000,0,0,0,0,0,0,0,0,0,1,1,0,1,1,1,0,2.5,1,acquired
408,5,1,7660000,0,0,0,0,0,0,0,0,0,1,0,0,1,0,0,0,6.0,1,acquired
409,5,4,48730000,1,0,0,0,0,0,0,0,0,0,1,0,1,1,1,0,3.0,1,acquired
410,1,2,3350000,0,0,0,0,0,0,0,0,0,1,0,1,1,0,0,0,2.5,1,closed
411,3,4,28000000,0,0,0,0,0,0,1,0,0,0,1,0,0,1,1,0,3.0,1,closed
412,5,1,2500000,0,0,0,0,0,0,0,0,0,1,0,0,1,0,0,0,2.0,1,acquired
413,16,2,8000000,0,1,0,0,0,0,0,0,0,0,0,0,1,1,0,0,4.0,1,acquired
414,6,2,540000,0,1,0,0,0,0,0,0,0,0,0,1,0,0,0,0,2.5,1,acquired
415,4,2,3100000,0,0,0,0,0,1,0,0,0,0,0,1,1,0,0,0,2.0,1,acquired
416,8,2,1200000,0,0,1,0,0,0,0,0,0,0,0,1,1,0,0,0,6.0,1,acquired
417,2,1,5000000,0,0,0,0,0,1,0,0,0,0,0,0,1,0,0,0,2.0,0,closed
418,6,6,37079000,0,0,0,0,0,0,0,0,0,1,1,0,0,0,1,1,3.8,1,acquired
419,3,4,135826373,0,0,0,0,0,0,0,0,0,1,0,0,0,1,0,1,4.3333,1,acquired
420,5,2,5000000,0,0,1,0,0,0,0,0,0,0,1,1,0,0,0,0,1.0,1,closed
421,3,4,4200000,1,0,0,0,0,0,0,0,0,0,0,1,1,0,0,0,3.0,1,acquired
422,3,1,4100000,0,1,0,0,0,0,0,0,0,0,1,0,0,0,0,0,1.0,1,closed
423,3,1,2000000,0,1,0,0,0,0,0,0,0,0,0,0,0,0,0,0,1.0,0,closed
424,3,1,6500000,1,0,0,0,0,0,0,0,0,0,1,0,0,0,0,0,1.0,1,acquired
425,0,1,4000000,0,1,0,0,0,0,0,0,0,0,0,0,1,0,0,0,3.0,0,closed
426,3,5,185000,0,0,1,0,0,0,0,0,0,0,1,1,0,0,0,0,2.0,1,closed
427,5,1,1300000,0,0,1,0,0,0,0,0,0,0,0,0,1,0,0,0,1.0,0,acquired
428,21,1,45000000,0,0,0,0,1,0,0,0,0,0,0,0,0,1,0,0,1.0,0,acquired
429,4,1,2500000,0,0,0,0,0,0,0,0,0,1,0,0,1,0,0,0,2.0,1,acquired
430,11,2,9200000,0,1,0,0,0,0,0,0,0,0,0,0,1,1,0,0,1.0,1,acquired
431,0,4,435953,0,1,0,0,0,0,0,0,0,0,0,1,0,0,0,0,1.0,0,closed
432,9,2,55600000,0,0,0,0,0,0,0,0,0,1,0,0,1,1,0,0,2.0,0,closed
433,2,1,10000000,1,0,0,0,0,0,0,0,0,0,1,0,0,0,0,0,1.0,0,acquired
434,3,1,12000,0,0,0,0,0,1,0,0,0,0,0,1,0,0,0,0,1.0,1,closed
435,3,2,2257464,0,0,0,0,0,0,0,1,0,0,1,0,0,0,0,0,1.0,0,closed
436,4,2,983000,0,0,0,0,0,0,0,0,0,1,0,1,0,0,0,0,6.0,1,acquired
437,15,2,41000000,0,0,0,0,0,0,0,0,0,1,0,0,0,1,1,0,1.5,1,acquired
438,0,3,9100000,1,0,0,0,0,0,0,0,0,0,1,0,0,1,1,0,1.0,0,closed
439,6,3,25500100,1,0,0,0,0,0,0,0,0,0,1,0,0,1,0,0,2.5,1,closed
440,3,1,400000,0,1,0,0,0,0,0,0,0,0,0,1,0,0,0,0,1.0,1,acquired
441,4,10,22165091,0,0,0,0,0,0,0,0,0,1,1,0,0,1,0,0,2.0,1,acquired
442,4,1,500000,0,0,0,0,0,0,0,0,0,1,0,0,1,0,0,0,4.0,1,acquired
443,29,5,70000000,0,1,0,0,0,0,0,0,0,0,0,0,1,1,1,1,2.8,1,acquired
444,6,2,4700000,0,0,0,0,0,0,0,0,0,1,1,0,1,0,0,0,1.0,1,acquired
445,1,1,30000000,0,0,0,0,0,0,1,0,0,0,1,0,0,0,0,0,2.0,1,acquired
446,13,5,39000000,1,0,0,0,0,0,0,0,0,0,0,0,0,1,1,1,3.25,1,acquired
447,10,3,32000000,0,0,0,0,0,0,0,0,0,1,0,0,0,0,0,1,3.0,1,acquired
448,7,3,42000000,0,0,0,0,1,0,0,0,0,0,0,0,1,1,1,0,2.6667,1,acquired
449,5,3,24510540,0,0,0,1,0,0,0,0,0,0,1,0,1,1,0,0,2.6667,1,acquired
450,0,1,2500000,1,0,0,0,0,0,0,0,0,0,1,0,0,0,0,0,2.0,1,closed
451,1,3,21460663,1,0,0,0,0,0,0,0,0,0,0,0,0,1,1,1,4.5,1,acquired
452,6,1,15000000,0,0,0,0,0,1,0,0,0,0,0,0,0,0,1,0,4.0,1,acquired
453,5,2,889999,0,0,1,0,0,0,0,0,0,0,1,1,0,0,0,0,3.5,1,closed
454,6,1,16000000,1,0,0,0,0,0,0,0,0,0,0,0,0,1,0,0,3.0,1,acquired
455,5,1,7000000,0,1,0,0,0,0,0,0,0,0,0,0,0,1,0,0,2.0,1,acquired
456,3,2,100000,0,0,0,0,1,0,0,0,0,0,0,1,0,0,0,0,1.0,0,closed
457,13,1,1500000,0,0,0,0,0,0,0,0,0,1,0,0,1,0,0,0,1.0,0,acquired
458,19,1,8000000,0,1,0,0,0,0,0,0,0,0,1,0,0,0,0,0,1.0,1,acquired
459,22,2,4000000,0,1,0,0,0,0,0,0,0,0,0,0,1,1,0,0,3.0,1,acquired
460,3,1,25000,0,1,0,0,0,0,0,0,0,0,0,1,0,0,0,0,1.0,0,closed
461,10,6,64630000,0,0,1,0,0,0,0,0,0,0,1,0,0,1,1,0,3.6667,1,acquired
462,10,2,12100000,0,1,0,0,0,0,0,0,0,0,0,0,1,1,0,0,1.0,1,closed
463,9,2,20000000,1,0,0,0,0,0,0,0,0,0,0,0,0,0,1,1,4.5,1,acquired
464,10,4,49600000,0,0,0,0,0,0,0,0,0,1,0,0,0,1,1,0,2.6667,1,closed
465,3,5,51450000,0,0,0,0,0,1,0,0,0,0,1,0,0,0,0,1,5.6667,1,acquired
466,7,2,6300000,0,0,0,0,0,0,0,0,0,1,0,0,1,1,0,0,2.0,1,acquired
467,8,1,200000,0,0,1,0,0,0,0,0,0,0,0,1,0,0,0,0,2.0,1,closed
468,2,1,20000,0,0,0,0,0,0,0,0,0,1,0,1,0,0,0,0,1.0,0,closed
469,13,2,11600000,0,0,0,0,0,0,0,0,0,1,0,0,1,0,1,0,2.0,1,acquired
470,6,1,9150000,0,1,0,0,0,0,0,0,0,0,0,0,1,0,0,0,2.0,1,acquired
471,2,1,1200000,0,0,0,0,1,0,0,0,0,0,0,0,1,0,0,0,4.0,1,closed
472,4,1,1700000,0,0,0,0,0,0,0,0,0,1,0,0,0,0,0,0,7.0,1,closed
473,9,3,1415000,0,0,0,0,0,0,0,0,0,1,1,1,0,0,0,0,1.0,1,acquired
474,16,2,4200000,0,0,0,1,0,0,0,0,0,0,0,0,1,1,0,0,1.5,1,acquired
475,7,2,500000,0,1,0,0,0,0,0,0,0,0,0,1,1,0,0,0,2.0,0,acquired
476,1,1,21500000,0,0,0,0,0,0,0,0,0,1,0,0,0,0,1,0,4.0,1,acquired
477,4,2,10000000,0,1,0,0,0,0,0,0,0,0,0,0,1,0,0,0,2.0,0,acquired
478,7,2,9500000,1,0,0,0,0,0,0,0,0,0,0,0,1,1,0,0,2.5,1,closed
479,4,2,13875001,0,0,0,0,0,0,0,0,0,1,0,0,0,0,0,0,10.0,1,closed
480,5,1,275000,1,0,0,0,0,0,0,0,0,0,0,1,0,0,0,0,2.0,0,closed
481,10,3,19743770,1,0,0,0,0,0,0,0,0,0,0,0,0,1,1,0,2.5,1,acquired
482,5,5,1178000,1,0,0,0,0,0,0,0,0,0,0,1,0,0,0,0,5.0,1,acquired
483,5,3,25000000,0,0,0,0,0,0,0,0,0,1,0,0,1,1,0,0,2.0,1,acquired
484,1,3,24150000,0,0,0,0,0,0,0,0,0,1,1,0,1,1,0,0,2.0,1,acquired
485,4,2,80000000,0,0,1,0,0,0,0,0,0,0,0,0,1,1,0,0,1.0,0,closed
486,11,2,36000000,0,0,0,0,0,0,0,0,0,1,0,0,1,1,0,0,3.5,1,acquired
487,1,1,205000,0,0,0,0,0,0,0,0,0,1,0,1,0,0,0,0,1.0,0,closed
488,27,4,28300000,0,1,0,0,0,0,0,0,0,0,0,0,1,1,1,1,2.5,1,acquired
489,1,1,2000000,0,1,0,0,0,0,0,0,0,0,0,0,0,0,0,0,1.0,0,closed
490,63,2,11500000,0,0,0,0,0,1,0,0,0,0,0,0,1,1,0,0,1.0,1,acquired
491,15,1,4000000,0,0,1,0,0,0,0,0,0,0,0,0,1,0,0,0,3.0,1,closed
492,2,1,500000,0,0,0,0,0,0,1,0,0,0,0,1,0,0,0,0,1.0,1,closed
493,9,1,4000000,0,0,0,0,0,0,0,0,0,1,0,0,1,0,0,0,2.0,1,closed
494,8,2,9030000,0,1,0,0,0,0,0,0,0,0,0,1,1,0,0,0,4.0,1,closed
495,15,4,69900000,0,0,0,0,0,0,0,1,0,0,0,1,1,0,1,1,4.75,1,acquired
496,2,1,20000,0,0,0,0,0,0,0,0,0,1,0,1,0,0,0,0,1.0,0,closed
497,29,7,238209999,1,0,0,0,0,0,0,0,0,0,1,0,0,0,0,0,2.0,1,acquired
498,3,3,14700000,0,0,0,0,0,0,0,0,0,1,1,0,0,1,0,0,1.0,0,acquired
499,4,3,430000,0,0,0,0,0,1,0,0,0,0,0,1,0,0,0,0,1.6667,0,acquired
500,5,2,1015000,0,0,0,1,0,0,0,0,0,0,1,0,1,0,0,0,1.0,0,acquired
501,2,1,1200000,0,1,0,0,0,0,0,0,0,0,1,0,0,0,0,0,2.0,1,closed
502,16,2,17100000,0,1,0,0,0,0,0,0,0,0,0,0,1,1,0,0,2.5,1,acquired
503,0,1,50000000,0,1,0,0,0,0,0,0,0,0,1,0,0,0,0,0,4.0,1,acquired
504,3,1,900000,1,0,0,0,0,0,0,0,0,0,0,0,1,0,0,0,1.0,1,closed
505,7,1,6000000,0,0,0,0,0,0,0,0,0,1,0,0,1,0,0,0,1.0,1,closed
506,5,2,15100000,0,0,0,0,1,0,0,0,0,0,0,1,1,0,0,0,1.0,0,acquired
507,7,5,62600000,0,0,0,0,0,0,0,0,0,1,1,0,1,1,1,1,9.3333,1,acquired
508,15,4,14800000,0,0,1,0,0,0,0,0,0,0,1,0,0,1,1,0,2.25,1,acquired
509,30,2,6875000,0,1,0,0,0,0,0,0,0,0,1,0,1,0,0,0,7.0,1,acquired
510,1,1,30000,1,0,0,0,0,0,0,0,0,0,0,1,0,0,0,0,1.0,0,closed
511,10,1,22200000,0,0,0,0,0,0,0,0,0,1,0,0,0,0,0,0,9.0,1,closed
512,6,2,415000,0,0,0,0,0,0,0,0,0,1,0,1,0,0,0,0,1.0,1,acquired
513,16,4,27063781,0,1,0,0,0,0,0,0,0,0,0,0,1,1,1,0,3.5,1,acquired
514,6,1,3100000,0,0,0,0,1,0,0,0,0,0,0,0,1,0,0,0,5.0,1,acquired
515,13,2,33000000,0,0,0,0,0,0,0,0,0,1,0,0,1,1,0,0,2.5,1,closed
516,2,3,17400000,0,1,0,0,0,0,0,0,0,0,1,0,0,0,1,0,5.0,1,acquired
517,17,5,28300000,0,1,0,0,0,0,0,0,0,0,0,1,1,1,1,1,2.0,1,acquired
518,42,4,46800000,0,0,0,0,1,0,0,0,0,0,0,0,1,1,1,0,2.5,1,acquired
519,5,3,1525000,0,0,0,0,0,0,1,0,0,0,0,1,0,0,0,0,2.6667,1,acquired
520,9,1,1200000,0,0,0,0,0,0,0,0,0,1,0,1,0,0,0,0,5.0,1,acquired
521,6,3,12400000,0,1,0,0,0,0,0,0,0,0,1,0,1,1,0,0,1.6667,1,acquired
522,1,1,100000,0,0,0,0,0,0,0,1,0,0,1,0,0,0,0,0,1.0,1,closed
523,4,3,11000000,1,0,0,0,0,0,0,0,0,0,1,1,0,1,0,0,1.6667,1,acquired
524,3,2,675000,0,1,0,0,0,0,0,0,0,0,0,1,0,0,0,0,1.5,0,acquired
525,5,2,13000000,1,0,0,0,0,0,0,0,0,0,0,0,1,1,0,0,2.5,1,acquired
526,5,1,3500000,0,0,0,0,0,0,0,0,0,1,0,0,0,0,0,0,2.0,1,acquired
527,2,1,12000000,0,0,0,0,0,0,0,0,0,1,0,0,0,0,1,0,4.0,1,closed
528,10,5,78573646,0,0,0,0,0,1,0,0,0,0,0,0,1,1,1,0,4.3333,1,acquired
529,2,3,15286415,0,0,0,0,0,0,0,0,0,1,0,0,1,0,0,0,1.0,0,acquired
530,5,1,3200000,0,1,0,0,0,0,0,0,0,0,0,0,1,0,0,0,1.0,1,acquired
531,1,1,30000,0,0,0,0,1,0,0,0,0,0,0,1,0,0,0,0,2.0,0,closed
532,28,3,14650003,1,0,0,0,0,0,0,0,0,0,0,1,0,0,0,1,1.0,0,acquired
533,9,2,23500000,1,0,0,0,0,0,0,0,0,0,1,0,0,1,0,0,5.0,1,acquired
534,2,1,980000,1,0,0,0,0,0,0,0,0,0,0,0,0,0,0,0,1.0,0,closed
535,0,1,20000000,0,0,0,0,0,0,0,0,0,1,0,0,0,1,0,0,3.0,1,closed
536,4,1,1500000,0,1,0,0,0,0,0,0,0,0,0,0,0,0,0,0,3.0,0,closed
537,0,2,8000000,0,0,0,0,0,1,0,0,0,0,0,0,1,0,0,0,1.5,1,acquired
538,13,4,25200000,1,0,0,0,0,0,0,0,0,0,0,0,1,1,1,1,4.0,1,acquired
539,21,4,61000000,1,0,0,0,0,0,0,0,0,0,0,0,1,1,1,0,3.0,1,acquired
540,12,4,46300000,0,0,0,0,0,1,0,0,0,0,1,0,1,1,1,0,4.25,1,acquired
541,15,4,24500000,1,0,0,0,0,0,0,0,0,0,0,0,0,1,1,1,4.3333,1,acquired
542,1,2,7500000,0,0,0,0,0,1,0,0,0,0,0,0,1,0,0,0,1.0,0,closed
543,19,1,14500000,0,0,0,1,0,0,0,0,0,0,0,0,0,0,1,0,9.0,1,acquired
544,1,1,29000000,0,0,0,0,0,1,0,0,0,0,1,0,0,0,0,0,5.0,1,closed
545,5,3,24000000,0,0,0,0,0,0,0,0,0,1,0,0,1,1,1,0,2.6667,1,acquired
546,2,4,81017493,0,0,0,0,0,0,0,0,0,1,1,0,0,0,1,1,5.6667,1,acquired
547,4,2,1000000,0,0,0,0,0,0,0,0,0,1,0,1,0,0,0,0,4.5,1,acquired
548,14,2,12010000,1,0,0,0,0,0,0,0,0,0,1,0,1,0,0,0,2.5,1,acquired
549,2,1,22000000,0,0,1,0,0,0,0,0,0,0,0,0,0,0,1,0,4.0,1,acquired
550,1,1,42700000,0,0,0,0,0,0,0,1,0,0,0,0,0,1,0,0,3.0,1,closed
551,5,3,80000000,1,0,0,0,0,0,0,0,0,0,1,0,0,0,0,1,4.0,1,acquired
552,3,1,205000,0,1,0,0,0,0,0,0,0,0,0,1,0,0,0,0,7.0,1,acquired
553,5,1,3750000,0,0,0,0,0,0,0,0,0,1,0,0,1,0,0,0,1.0,1,acquired
554,11,2,41000000,0,0,0,0,0,0,0,0,0,1,0,0,1,1,0,0,1.5,1,closed
555,37,2,76000000,0,0,0,0,0,1,0,0,0,0,0,0,1,0,0,0,4.0,1,acquired
556,9,2,20000000,0,0,0,1,0,0,0,0,0,0,0,0,1,1,0,0,1.0,1,acquired
557,11,2,9356180,0,0,0,0,0,0,0,0,0,1,0,0,1,1,0,0,1.5,1,acquired
558,6,1,100000,0,0,0,0,1,0,0,0,0,0,0,1,0,0,0,0,1.0,0,closed
559,9,2,13600000,1,0,0,0,0,0,0,0,0,0,0,0,0,1,1,0,3.0,1,acquired
560,19,1,3000000,0,0,0,0,1,0,0,0,0,0,0,0,1,0,0,0,2.0,1,acquired
561,4,5,21138876,0,0,0,0,1,0,0,0,0,0,1,0,1,1,0,0,2.0,1,closed
562,13,4,2345000,0,0,0,1,0,0,0,0,0,0,0,1,1,0,0,0,5.75,1,acquired
563,7,1,4000000,0,1,0,0,0,0,0,0,0,0,0,0,1,0,0,0,1.0,0,closed
564,2,2,17000000,1,0,0,0,0,0,0,0,0,0,1,0,0,0,1,0,3.0,1,closed
565,8,1,1100000,0,1,0,0,0,0,0,0,0,0,0,1,0,0,0,0,8.0,1,acquired
566,3,4,59700,1,0,0,0,0,0,0,0,0,0,0,1,0,0,0,0,1.0,1,acquired
567,12,1,2350000,0,0,0,1,0,0,0,0,0,0,0,0,1,0,0,0,2.0,1,acquired
568,2,1,10000000,1,0,0,0,0,0,0,0,0,0,0,0,1,0,0,0,2.0,1,closed
569,2,2,21189,0,0,1,0,0,0,0,0,0,0,1,1,0,0,0,0,1.0,1,closed
570,7,3,28000000,1,0,0,0,0,0,0,0,0,0,0,0,1,1,1,0,2.6667,1,acquired
571,0,1,9500000,1,0,0,0,0,0,0,0,0,0,1,0,0,0,0,0,2.0,0,closed
572,5,3,69600000,0,0,0,0,0,0,0,0,0,1,1,0,0,1,0,1,7.6667,1,acquired
573,11,3,23500000,0,0,1,0,0,0,0,0,0,0,1,0,0,1,1,0,3.6667,1,acquired
574,6,1,13000000,1,0,0,0,0,0,0,0,0,0,0,0,0,0,0,1,4.0,1,acquired
575,8,2,21750000,0,0,0,0,0,1,0,0,0,0,1,0,0,1,0,0,2.0,1,acquired
576,0,1,5750000,0,0,0,0,0,0,0,0,0,1,0,0,0,0,1,0,4.0,1,closed
577,1,2,23400000,1,0,0,0,0,0,0,0,0,0,0,0,1,1,0,0,2.5,1,acquired
578,4,1,4300000,0,0,0,0,1,0,0,0,0,0,0,0,1,0,0,0,2.0,1,closed
579,1,2,20000000,0,0,0,0,0,0,0,0,0,1,1,0,0,0,1,0,2.0,1,acquired
580,16,2,51000000,0,0,0,0,0,0,0,1,0,0,0,0,0,0,1,0,3.5,1,acquired
581,2,4,27101994,0,0,0,1,0,0,0,0,0,0,1,0,0,1,0,0,4.6667,1,acquired
582,6,1,6480000,0,0,0,0,0,0,0,0,0,1,0,0,0,0,0,1,3.0,1,acquired
583,8,2,35000000,0,0,0,1,0,0,0,0,0,0,0,0,1,1,0,0,2.5,1,acquired
584,5,3,11300000,0,1,0,0,0,0,0,0,0,0,1,0,0,1,1,0,1.0,1,closed
585,1,1,19000,0,0,0,0,0,0,1,0,0,0,0,1,0,0,0,0,1.0,0,closed
586,27,6,78500000,0,0,0,0,0,0,1,0,0,0,0,0,1,1,1,1,3.4,1,acquired
587,4,1,600000,0,1,0,0,0,0,0,0,0,0,0,1,0,0,0,0,2.0,0,closed
588,3,2,13000000,0,0,0,0,0,0,0,0,0,1,0,0,1,1,0,0,1.5,1,acquired
589,7,5,43600000,0,0,0,0,0,0,0,0,0,1,0,0,1,1,1,1,3.0,1,closed
590,38,5,142000000,0,0,0,1,0,0,0,0,0,0,0,0,1,1,1,1,5.2,1,acquired
591,6,2,2000000,0,1,0,0,0,0,0,0,0,0,1,0,1,0,0,0,1.5,1,acquired
592,4,3,26800000,1,0,0,0,0,0,0,0,0,0,0,0,1,1,1,0,3.0,1,acquired
593,2,6,55900000,0,0,0,0,0,0,0,0,0,1,1,0,1,1,1,0,3.2,1,closed
594,14,2,11000000,0,0,1,0,0,0,0,0,0,0,0,0,1,1,0,0,2.0,1,acquired
595,19,3,31500000,0,0,0,1,0,0,0,0,0,0,0,0,1,1,1,0,3.3333,1,acquired
596,4,1,1500000,0,0,0,1,0,0,0,0,0,0,1,0,0,0,0,0,2.0,0,acquired
597,5,3,900000,0,0,0,0,0,0,0,0,0,1,0,1,0,0,0,0,1.5,1,closed
598,4,3,58000000,0,0,0,0,0,0,0,1,0,0,0,0,1,1,1,0,5.0,1,acquired
599,10,4,29050000,1,0,0,0,0,0,0,0,0,0,1,0,0,1,0,0,2.6667,1,acquired
600,3,2,250000,0,0,0,0,0,0,0,0,0,1,0,1,0,0,0,0,1.5,1,acquired
601,2,1,21000000,1,0,0,0,0,0,0,0,0,0,0,0,0,0,1,0,4.0,1,closed
602,25,2,35000000,0,0,0,0,1,0,0,0,0,0,1,0,1,0,0,0,3.5,1,acquired
603,2,1,500000,0,1,0,0,0,0,0,0,0,0,0,1,0,0,0,0,1.0,0,closed
604,3,2,30920000,0,0,0,0,0,0,0,0,0,1,1,0,0,0,0,0,3.5,1,acquired
605,9,4,29288979,1,0,0,0,0,0,0,0,0,0,1,0,1,1,1,0,2.6667,1,acquired
606,11,4,24200000,1,0,0,0,0,0,0,0,0,0,1,0,1,0,1,0,2.3333,1,closed
607,4,1,1000000,0,1,0,0,0,0,0,0,0,0,0,0,1,0,0,0,1.0,0,acquired
608,3,2,5550000,0,1,0,0,0,0,0,0,0,0,0,1,1,0,0,0,1.0,1,acquired
609,8,2,3000000,0,0,1,0,0,0,0,0,0,0,0,1,1,0,0,0,3.5,1,closed
610,13,2,14300000,0,1,0,0,0,0,0,0,0,0,0,0,1,1,0,0,4.5,1,acquired
611,0,1,1000000,0,0,0,0,0,0,0,0,0,1,1,0,0,0,0,0,2.0,0,closed
612,7,2,11000000,1,0,0,0,0,0,0,0,0,0,1,0,0,1,0,0,1.5,1,acquired
613,7,2,2000000,0,0,0,0,0,0,0,0,0,1,1,1,0,0,0,0,3.0,0,closed
614,17,2,5000000,0,1,0,0,0,0,0,0,0,0,1,1,0,0,0,0,1.0,1,acquired
615,12,1,11000000,0,0,0,1,0,0,0,0,0,0,0,0,0,1,0,0,3.0,1,acquired
616,19,4,14100000,0,0,0,1,0,0,0,0,0,0,0,1,1,1,0,0,2.25,1,acquired
617,8,1,5000000,0,0,0,0,0,0,0,0,0,1,0,0,1,0,0,0,1.0,0,closed
618,1,2,400000,0,1,0,0,0,0,0,0,0,0,0,1,0,0,0,0,1.0,0,closed
619,4,1,10000000,0,0,0,0,0,0,0,1,0,0,0,0,0,0,1,0,1.0,0,acquired
620,3,3,11035000,1,0,0,0,0,0,0,0,0,0,1,0,0,1,1,0,1.6667,1,closed
621,9,1,12700000,0,0,0,0,0,0,0,0,0,1,0,0,0,0,0,1,4.0,1,acquired
622,3,2,20757182,0,0,0,0,0,0,0,1,0,0,0,0,0,1,0,0,1.0,1,acquired
623,5,3,27000000,1,0,0,0,0,0,0,0,0,0,0,0,0,0,0,1,6.0,1,acquired
624,7,1,10000000,0,0,0,0,1,0,0,0,0,0,0,0,1,0,0,0,1.0,0,acquired
625,4,1,26000000,0,0,0,0,0,0,0,0,0,1,0,0,0,0,0,1,4.0,1,closed
626,2,2,4000000,0,0,0,0,0,0,0,0,0,1,0,0,1,0,0,0,2.0,1,closed
627,3,2,20220000,0,0,0,0,0,0,0,0,0,1,0,0,1,1,0,0,3.0,1,acquired
628,7,1,10000000,0,0,0,0,0,1,0,0,0,0,0,0,0,1,0,0,4.0,1,acquired
629,8,2,7350000,0,0,0,0,0,1,0,0,0,0,0,0,1,1,0,0,4.5,1,closed
630,1,1,50000,0,0,0,0,0,0,0,0,0,1,0,1,0,0,0,0,1.0,0,closed
631,5,1,1000000,0,0,0,0,0,0,0,0,0,1,0,0,1,0,0,0,7.0,1,closed
632,16,4,45000000,0,0,0,0,0,0,0,0,0,1,0,0,1,1,1,0,2.0,1,closed
633,22,5,70000000,0,0,0,1,0,0,0,0,0,0,1,0,1,1,1,0,4.2,1,closed
634,3,1,500000,0,0,0,0,0,0,1,0,0,0,0,0,1,0,0,0,1.0,1,closed
635,6,2,500000,1,0,0,0,0,0,0,0,0,0,0,0,0,0,0,0,1.0,1,closed
636,2,3,44000000,0,0,0,0,0,0,0,0,0,1,0,0,1,1,1,0,4.0,1,acquired
637,4,1,21000000,0,0,0,0,0,0,0,0,0,1,1,0,0,0,0,0,5.0,1,closed
638,12,2,19000000,0,0,0,0,0,1,0,0,0,0,0,0,1,1,0,0,3.5,1,acquired
639,0,3,18700000,0,0,0,0,0,0,0,0,0,1,1,0,1,0,0,0,2.0,1,closed
640,6,1,10000000,1,0,0,0,0,0,0,0,0,0,0,0,1,0,0,0,7.0,1,acquired
641,5,3,5900000,1,0,0,0,0,0,0,0,0,0,0,1,0,0,0,0,1.0,0,closed
642,13,2,28000000,0,0,0,0,0,0,0,0,0,1,0,0,0,1,1,0,2.0,1,acquired
643,5,7,24300000,1,0,0,0,0,0,0,0,0,0,1,1,1,1,0,0,2.0,1,closed
644,21,4,32006000,0,0,1,0,0,0,0,0,0,0,0,1,1,1,1,0,1.6667,1,acquired
645,4,1,13400000,0,0,0,0,0,0,0,0,0,1,0,0,0,1,0,0,2.0,1,acquired
646,18,3,9400000,0,0,0,1,0,0,0,0,0,0,0,1,1,1,0,0,1.5,1,acquired
647,10,6,15324624,0,0,0,1,0,0,0,0,0,0,1,1,1,1,0,0,2.5,1,acquired
648,3,1,2000000,0,1,0,0,0,0,0,0,0,0,0,0,0,0,0,0,11.0,1,acquired
649,24,3,16000000,0,1,0,0,0,0,0,0,0,0,0,0,1,1,1,0,5.6667,1,acquired
650,3,3,44000000,0,0,0,0,0,0,0,0,0,1,1,0,0,1,1,0,2.3333,1,closed
651,2,2,1175000,1,0,0,0,0,0,0,0,0,0,1,0,0,0,0,0,1.0,0,closed
652,22,2,9000000,0,0,0,0,0,0,0,0,0,1,0,0,0,0,0,0,4.0,1,acquired
653,9,3,35150000,0,1,0,0,0,0,0,0,0,0,0,0,1,1,1,0,3.0,1,acquired
654,4,3,12000000,1,0,0,0,0,0,0,0,0,0,1,0,1,1,0,0,2.6667,1,acquired
655,4,1,30000000,0,0,0,0,0,0,0,1,0,0,0,0,0,0,1,0,9.0,1,acquired
656,5,1,8000000,0,0,0,0,0,0,0,0,0,1,0,0,0,1,0,0,2.0,1,acquired
657,6,1,4100000,0,0,0,0,1,0,0,0,0,0,0,0,1,0,0,0,2.0,1,acquired
658,1,2,2408500,0,0,0,0,0,0,0,0,0,1,0,1,0,0,0,0,3.0,1,closed
659,3,4,72000000,0,0,0,0,0,0,0,0,0,1,0,0,1,1,1,0,2.25,1,closed
660,2,2,18400000,0,0,0,1,0,0,0,0,0,0,1,0,0,0,0,0,1.0,0,closed
661,4,7,162264126,0,0,0,0,0,0,0,1,0,0,1,0,0,1,1,1,6.75,1,closed
662,7,1,29000000,0,0,0,0,0,0,0,1,0,0,1,0,0,0,0,0,7.0,1,acquired
663,0,1,8700000,0,0,0,0,0,0,0,0,0,1,0,0,1,0,0,0,2.0,1,closed
664,12,1,10000000,0,0,1,0,0,0,0,0,0,0,0,0,0,0,1,0,7.0,1,acquired
665,5,2,15000000,1,0,0,0,0,0,0,0,0,0,0,0,1,1,0,0,2.0,1,acquired
666,2,1,2600000,0,0,0,0,0,0,0,0,0,1,0,0,0,0,0,0,1.0,0,closed
667,30,1,15000000,0,1,0,0,0,0,0,0,0,0,0,0,1,0,0,0,1.0,1,acquired
668,7,3,4000000,0,1,0,0,0,0,0,0,0,0,0,1,1,0,0,0,2.0,1,acquired
669,9,2,73000000,0,0,0,0,0,0,0,1,0,0,1,0,0,1,0,0,3.0,1,acquired
670,5,4,12123837,0,0,0,0,0,0,0,0,0,1,0,1,1,0,0,0,4.6667,1,acquired
671,18,3,22400000,0,0,1,0,0,0,0,0,0,0,1,0,1,1,0,0,3.3333,1,acquired
672,12,2,5700000,0,0,0,1,0,0,0,0,0,0,0,0,1,1,0,0,4.0,1,acquired
673,2,2,28500000,0,0,0,0,0,0,0,1,0,0,1,0,0,1,0,0,4.5,1,closed
674,9,2,21000000,1,0,0,0,0,0,0,0,0,0,0,0,1,1,0,0,2.5,1,acquired
675,1,1,8000000,1,0,0,0,0,0,0,0,0,0,1,0,0,0,0,0,2.0,0,closed
676,1,1,1500000,0,0,0,0,0,1,0,0,0,0,0,0,1,0,0,0,1.0,1,closed
677,17,3,28300000,0,0,0,0,1,0,0,0,0,0,0,0,1,1,1,0,1.6667,1,acquired
678,4,5,7939553,0,1,0,0,0,0,0,0,0,0,1,0,0,1,0,0,2.0,1,acquired
679,3,1,545000,0,0,0,0,0,0,0,0,0,1,0,1,0,0,0,0,2.0,1,closed
680,10,3,15247925,0,0,0,0,0,0,0,0,0,1,0,0,0,0,1,1,1.5,1,acquired
681,11,3,12800000,0,0,0,0,0,1,0,0,0,0,0,1,1,1,0,0,1.5,1,acquired
682,1,2,950000,0,0,1,0,0,0,0,0,0,0,1,0,1,0,0,0,3.0,1,closed
683,6,2,16000000,0,1,0,0,0,0,0,0,0,0,0,0,1,1,0,0,1.0,1,acquired
684,2,1,10000000,0,0,0,0,0,0,0,0,0,1,0,0,0,0,1,0,1.0,1,acquired
685,5,1,1500000,0,0,0,0,0,0,0,0,0,1,0,0,0,0,0,0,1.0,0,acquired
686,6,2,13000000,0,0,0,0,0,0,0,0,0,1,1,0,0,0,1,0,2.0,1,closed
687,6,1,10000000,0,0,0,0,0,0,0,0,0,1,1,0,0,0,0,0,6.0,1,acquired
688,9,2,3915000,0,0,0,0,1,0,0,0,0,0,1,0,1,0,0,0,3.0,1,acquired
689,7,2,1400000,0,0,0,0,0,0,0,0,0,1,0,1,1,0,0,0,6.0,1,acquired
690,6,2,650000,0,0,0,0,0,0,1,0,0,0,1,1,0,0,0,0,1.0,1,closed
691,5,3,9700000,0,0,0,0,0,1,0,0,0,0,1,0,1,0,0,0,1.0,1,closed
692,6,1,15000000,1,0,0,0,0,0,0,0,0,0,0,0,0,0,0,1,3.0,1,acquired
693,18,4,38764000,0,0,0,1,0,0,0,0,0,0,1,0,1,1,0,0,2.0,1,acquired
694,6,8,211403000,0,0,0,0,0,0,0,0,0,1,1,0,1,1,1,0,2.7143,1,closed
695,8,2,20750000,0,0,0,1,0,0,0,0,0,0,0,0,1,1,0,0,2.0,1,acquired
696,4,2,1020000,0,0,0,0,0,0,0,0,0,1,0,1,1,0,0,0,2.5,1,acquired
697,6,1,13000000,1,0,0,0,0,0,0,0,0,0,0,0,1,0,0,0,4.0,1,closed
698,8,2,14700000,1,0,0,0,0,0,0,0,0,0,0,1,1,0,0,0,4.0,1,acquired
699,19,4,33000000,0,0,1,0,0,0,0,0,0,0,0,0,1,1,1,1,1.3333,1,acquired
700,5,1,30000000,0,0,0,0,0,0,0,0,0,1,0,0,0,0,1,0,6.0,1,acquired
701,10,4,33000000,1,0,0,0,0,0,0,0,0,0,0,0,1,1,1,0,4.0,1,closed
702,1,1,150000,0,0,0,0,0,0,0,0,0,1,0,1,0,0,0,0,1.0,0,closed
703,3,1,20000,0,0,0,0,1,0,0,0,0,0,0,1,0,0,0,0,1.0,0,closed
704,2,3,30926154,0,0,0,0,0,0,0,0,0,1,0,0,0,1,0,0,3.0,1,closed
705,0,1,2000000,0,0,0,0,1,0,0,0,0,0,0,0,0,0,0,0,1.0,0,closed
706,2,2,19000000,1,0,0,0,0,0,0,0,0,0,1,0,0,1,0,0,3.5,1,closed
707,2,3,33000000,0,0,0,0,1,0,0,0,0,0,0,0,1,1,1,0,4.0,1,closed
708,1,3,15650000,0,0,0,0,0,0,0,0,0,1,1,0,0,0,0,0,1.3333,1,acquired
709,8,3,17400000,0,1,0,0,0,0,0,0,0,0,0,0,1,1,0,0,2.3333,1,acquired
710,5,1,154000,0,0,0,0,0,0,0,0,0,1,0,1,0,0,0,0,1.0,0,closed
711,4,1,35000000,0,1,0,0,0,0,0,0,0,0,0,0,0,0,0,1,3.0,1,closed
712,5,4,7516703,0,0,1,0,0,0,0,0,0,0,1,1,0,0,0,0,1.0,0,closed
713,1,1,48000000,0,0,0,0,0,0,0,0,0,1,1,0,0,0,0,0,5.0,1,closed
714,6,3,65800000,0,0,0,0,0,0,0,0,0,1,1,0,0,0,0,1,4.6667,1,acquired
715,2,2,125000,0,0,0,0,0,0,0,0,0,1,0,1,0,0,0,0,1.0,0,closed
716,5,1,750000,0,0,0,0,0,0,0,0,0,1,0,1,0,0,0,0,2.0,1,acquired
717,10,1,17000000,0,0,0,1,0,0,0,0,0,0,1,0,0,0,0,0,5.0,1,acquired
718,4,3,4087500,0,0,0,1,0,0,0,0,0,0,1,1,0,0,0,0,1.0,0,closed
719,3,1,1000000,0,0,0,0,0,0,0,0,0,1,0,0,1,0,0,0,2.0,1,closed
720,13,5,23500000,0,0,0,0,0,0,0,0,0,1,1,0,1,1,1,0,1.75,1,acquired
721,2,1,990000,0,1,0,0,0,0,0,0,0,0,0,0,1,0,0,0,2.0,0,closed
722,13,1,1000000,0,0,0,0,1,0,0,0,0,0,0,0,1,0,0,0,3.0,1,acquired
723,15,4,41000000,0,0,0,0,0,0,0,0,0,1,1,0,1,1,1,0,1.75,1,acquired
724,3,1,7000000,0,0,0,0,0,0,0,0,0,1,0,0,1,0,0,0,1.0,1,closed
725,4,2,55000000,0,0,0,0,0,0,0,1,0,0,0,0,1,1,0,0,2.0,1,acquired
726,10,2,69000000,1,0,0,0,0,0,0,0,0,0,0,0,1,1,0,0,3.5,1,acquired
727,25,8,129677153,0,0,0,1,0,0,0,0,0,0,1,0,1,1,1,1,3.0,1,acquired
728,4,6,232000100,0,0,0,0,0,0,0,1,0,0,0,0,1,0,1,1,3.6667,1,acquired
729,5,2,5700000,0,0,0,1,0,0,0,0,0,0,0,1,1,0,0,0,4.0,1,acquired
730,3,1,10500000,0,0,0,0,0,0,0,0,0,1,0,0,0,0,0,1,4.0,1,acquired
731,2,2,23000000,0,0,0,0,0,0,1,0,0,0,1,0,0,0,0,0,3.0,1,closed
732,13,3,14000000,0,0,0,0,0,0,0,0,0,1,0,0,1,1,0,0,3.0,1,acquired
733,4,2,7500000,1,0,0,0,0,0,0,0,0,0,0,1,1,0,0,0,2.0,1,acquired
734,12,1,1420000,0,0,0,0,0,0,0,0,0,1,0,0,1,0,0,0,16.0,1,acquired
735,1,2,9000000,0,0,0,0,0,0,1,0,0,0,1,0,1,0,0,0,1.0,1,closed
736,3,1,500000,0,0,0,0,0,1,0,0,0,0,1,0,0,0,0,0,1.0,1,closed
737,4,2,70000,0,0,0,0,0,0,0,0,0,1,0,1,0,0,0,0,1.0,1,acquired
738,3,2,850000,0,0,0,0,0,0,1,0,0,0,0,1,1,0,0,0,1.0,1,closed
739,9,1,15000000,0,0,0,1,0,0,0,0,0,0,1,0,0,0,0,0,1.0,1,acquired
740,12,2,3150000,0,1,0,0,0,0,0,0,0,0,0,1,1,0,0,0,11.5,1,acquired
741,6,1,5500000,0,0,0,0,0,0,1,0,0,0,0,0,1,0,0,0,8.0,1,closed
742,8,1,10571182,0,0,0,0,0,0,0,0,0,1,0,0,1,0,0,0,1.0,0,acquired
743,13,1,500000,0,0,0,0,0,0,0,0,0,1,0,1,0,0,0,0,1.0,0,closed
744,12,7,24900000,0,0,0,0,0,0,0,0,0,1,1,1,1,0,0,0,3.0,1,acquired
745,12,2,3529175,0,1,0,0,0,0,0,0,0,0,1,0,1,0,0,0,1.0,0,closed
746,15,4,23400000,0,0,0,0,0,0,0,0,0,1,0,0,1,1,1,0,2.25,1,acquired
747,15,1,8800000,0,0,0,0,0,0,0,0,0,1,0,0,0,0,0,1,5.0,1,acquired
748,2,1,1500000,0,0,0,0,0,0,0,0,0,1,0,0,0,0,0,0,6.0,1,closed
749,3,7,74000000,0,0,0,0,0,0,0,0,0,1,1,0,0,0,1,1,2.0,1,closed
750,3,3,8800000,0,0,0,0,0,0,0,0,0,1,0,0,1,1,0,0,1.0,0,acquired
751,3,2,7100000,0,1,0,0,0,0,0,0,0,0,0,1,1,0,0,0,1.5,1,acquired
752,8,3,3500000,0,0,0,0,0,0,1,0,0,0,1,1,1,0,0,0,1.6667,1,acquired
753,6,1,3000000,1,0,0,0,0,0,0,0,0,0,0,0,1,0,0,0,2.0,1,acquired
754,5,2,11000,0,1,0,0,0,0,0,0,0,0,0,1,0,0,0,0,1.0,0,closed
755,4,3,26200000,0,0,0,0,0,0,0,0,0,1,1,0,0,0,1,0,2.5,1,acquired
756,6,2,29000000,1,0,0,0,0,0,0,0,0,0,0,0,0,1,1,0,2.5,1,acquired
757,2,1,10000000,1,0,0,0,0,0,0,0,0,0,0,0,0,1,0,0,2.0,0,closed
758,3,1,500000,0,1,0,0,0,0,0,0,0,0,0,1,0,0,0,0,3.0,1,closed
759,3,3,11500000,0,0,0,1,0,0,0,0,0,0,0,1,1,1,0,0,1.5,1,acquired
760,8,5,5350000,0,0,0,1,0,0,0,0,0,0,0,1,1,0,0,0,3.0,1,acquired
761,27,3,11015719,0,0,1,0,0,0,0,0,0,0,1,0,1,0,0,0,2.0,1,closed
762,30,3,9807367,0,0,0,0,1,0,0,0,0,0,0,1,1,0,0,0,8.6667,1,acquired
763,8,2,2535000,0,1,0,0,0,0,0,0,0,0,0,1,1,0,0,0,5.0,1,acquired
764,4,3,19000000,0,0,0,1,0,0,0,0,0,0,1,0,0,1,1,0,5.3333,1,acquired
765,4,3,475000,0,0,0,0,0,0,0,0,0,1,0,1,0,0,0,0,4.0,0,acquired
766,16,2,36000000,0,0,0,0,0,1,0,0,0,0,1,0,0,1,0,0,1.0,1,acquired
767,4,1,12000000,0,0,0,0,0,1,0,0,0,0,0,0,0,0,1,0,5.0,1,acquired
768,15,4,122000000,0,0,0,0,0,0,0,1,0,0,0,0,1,1,1,1,2.5,1,acquired
769,8,1,1750000,0,0,0,0,0,0,0,0,0,1,0,0,0,0,0,0,5.0,1,acquired
770,3,1,130000,0,1,0,0,0,0,0,0,0,0,0,1,0,0,0,0,1.0,0,acquired
771,4,3,13222860,0,0,0,0,0,0,0,0,0,1,1,0,0,0,0,0,3.0,1,closed
772,10,2,2192000,0,0,0,0,0,0,0,0,0,1,1,0,0,1,0,0,3.0,0,closed
773,4,1,2000000,0,1,0,0,0,0,0,0,0,0,1,0,0,0,0,0,1.0,1,acquired
774,11,2,9400000,0,0,0,0,0,0,0,0,0,1,0,0,1,0,0,0,2.0,1,acquired
775,2,4,13045000,0,0,0,0,0,0,0,0,0,1,0,0,1,1,0,0,2.0,1,acquired
776,8,4,10000000,0,1,0,0,0,0,0,0,0,0,0,0,1,1,1,0,1.25,1,acquired
777,7,1,6000000,0,0,0,0,1,0,0,0,0,0,0,0,0,1,0,0,2.0,1,acquired
778,3,2,2100000,0,0,1,0,0,0,0,0,0,0,1,1,0,0,0,0,2.0,0,closed
779,3,2,3250000,0,0,0,0,0,0,0,0,0,1,1,0,1,0,0,0,1.0,1,acquired
780,1,3,148000000,0,0,0,0,0,0,0,0,0,1,1,0,0,1,0,0,3.5,1,closed
781,10,2,24500000,0,0,0,0,0,0,0,0,0,1,1,0,1,0,0,0,2.0,1,acquired
782,4,2,72000,0,0,0,1,0,0,0,0,0,0,0,1,0,0,0,0,1.0,0,closed
783,3,1,10360000,0,0,0,0,0,0,0,0,0,1,0,0,0,0,1,0,5.0,1,closed
784,12,3,1310000,1,0,0,0,0,0,0,0,0,0,0,1,0,0,0,0,6.0,1,acquired
785,1,1,150000,0,0,0,0,0,1,0,0,0,0,0,1,0,0,0,0,1.0,0,closed
786,5,3,64000000,0,0,0,0,0,0,0,0,0,1,1,0,0,1,1,0,3.3333,1,acquired
787,2,1,250000,0,0,0,0,0,0,1,0,0,0,0,1,0,0,0,0,1.0,0,closed
788,6,3,1830000,0,0,0,0,0,0,0,0,0,1,0,1,1,0,0,0,2.0,0,acquired
789,10,2,9800000,0,0,0,1,0,0,0,0,0,0,0,0,1,1,0,0,4.5,1,acquired
790,15,1,2300000,0,1,0,0,0,0,0,0,0,0,0,0,1,0,0,0,1.0,0,acquired
791,3,2,1310000,0,1,0,0,0,0,0,0,0,0,0,1,0,0,0,0,1.0,0,closed
792,4,2,4500000,0,0,0,0,0,1,0,0,0,0,0,1,0,1,0,0,5.5,1,closed
793,5,3,22000000,1,0,0,0,0,0,0,0,0,0,0,0,1,1,1,0,2.6667,1,acquired
794,23,3,10000000,0,0,0,0,1,0,0,0,0,0,0,1,1,1,0,0,2.6667,1,acquired
795,21,4,36500000,0,0,0,0,0,0,1,0,0,0,0,0,1,1,1,0,1.5,1,acquired
796,35,7,33672656,0,1,0,0,0,0,0,0,0,0,1,0,1,1,0,0,2.0,1,acquired
797,4,3,19000000,0,0,0,1,0,0,0,0,0,0,0,0,1,1,0,0,2.0,1,acquired
798,3,1,30000000,0,0,0,0,0,0,0,0,0,1,0,0,0,1,0,0,4.0,1,acquired
799,6,2,2250000,0,1,0,0,0,0,0,0,0,0,1,0,0,0,0,0,8.5,1,acquired
800,7,6,53818873,0,0,0,0,0,0,0,0,0,1,1,0,0,0,1,0,4.25,1,acquired
801,6,1,5500000,0,1,0,0,0,0,0,0,0,0,0,0,1,0,0,0,1.0,1,closed
802,3,1,6000000,0,0,0,0,0,0,0,0,0,1,0,0,1,0,0,0,1.0,1,acquired
803,2,2,30150000,0,0,0,0,1,0,0,0,0,0,0,0,1,1,0,0,1.5,1,closed
804,11,2,83000000,0,0,0,0,0,0,0,1,0,0,1,0,0,0,0,0,1.0,0,acquired
805,1,2,12000000,0,0,0,0,0,1,0,0,0,0,0,0,1,1,0,0,1.0,0,closed
806,6,2,3500000,1,0,0,0,0,0,0,0,0,0,0,1,1,0,0,0,1.0,0,acquired
807,5,1,4000000,1,0,0,0,0,0,0,0,0,0,0,0,1,0,0,0,4.0,1,acquired
808,9,2,4000000,0,0,0,0,0,0,0,0,0,1,0,0,1,0,0,0,1.0,1,closed
809,11,2,25000000,1,0,0,0,0,0,0,0,0,0,1,0,0,0,0,0,4.5,1,acquired
810,5,3,1420698,0,0,1,0,0,0,0,0,0,0,1,1,0,0,0,0,2.0,1,acquired
811,5,2,10000000,0,0,0,0,0,0,0,0,0,1,1,0,1,0,0,0,3.0,1,acquired
812,18,3,67000000,0,0,0,0,0,0,0,0,0,1,0,0,1,1,1,0,2.6667,1,acquired
813,13,4,53000000,0,0,0,0,0,0,0,0,0,1,0,1,1,1,1,0,4.5,1,acquired
814,5,2,300000,0,0,0,0,0,1,0,0,0,0,0,1,0,1,0,0,2.0,1,closed
815,4,3,1400000,1,0,0,0,0,0,0,0,0,0,0,1,0,0,0,0,1.0,0,acquired
816,4,2,6500000,0,1,0,0,0,0,0,0,0,0,0,0,1,0,0,0,7.0,1,acquired
817,8,1,5000000,0,0,0,0,0,0,0,0,0,1,0,0,1,0,0,0,1.0,1,acquired
818,6,2,9600000,0,0,0,1,0,0,0,0,0,0,0,0,1,0,0,0,3.0,1,acquired
819,9,5,58200000,0,0,1,0,0,0,0,0,0,0,0,0,1,1,1,1,1.4,1,acquired
820,14,3,28000000,0,0,0,0,0,0,0,0,0,1,0,0,1,1,1,0,2.6667,1,acquired
821,10,2,30000000,0,0,0,0,0,0,0,0,0,1,1,0,0,0,0,0,1.0,0,acquired
822,10,2,3500000,0,0,0,0,0,1,0,0,0,0,0,1,1,0,0,0,2.0,0,acquired
823,7,1,16700000,0,1,0,0,0,0,0,0,0,0,0,0,1,0,0,0,4.0,0,closed
824,0,1,18000000,0,0,0,0,0,0,0,0,0,1,0,0,0,1,0,0,7.0,1,closed
825,6,1,15000000,0,0,0,0,0,0,0,0,0,1,0,0,0,0,0,1,6.0,1,acquired
826,2,2,12000000,0,0,0,0,0,0,0,0,0,1,0,0,1,1,0,0,4.0,1,closed
827,1,1,15000,0,0,0,0,0,0,1,0,0,0,0,1,0,0,0,0,1.0,0,closed
828,11,1,200000,0,0,0,0,0,0,0,0,0,1,1,0,0,0,0,0,1.0,0,acquired
829,0,1,15000000,0,0,0,0,0,0,0,0,0,1,0,0,0,0,1,0,1.0,0,closed
830,4,2,1400000,0,0,0,1,0,0,0,0,0,0,0,1,0,0,0,0,3.0,0,acquired
831,5,4,11400000,0,0,0,1,0,0,0,0,0,0,1,0,0,1,0,0,3.0,1,closed
832,14,4,34250000,0,0,0,0,0,0,0,0,0,1,1,0,1,1,1,0,2.25,1,acquired
833,4,4,3800000,0,0,0,0,0,0,0,0,0,1,0,1,1,0,0,0,4.75,1,acquired
834,3,2,10100000,1,0,0,0,0,0,0,0,0,0,1,0,0,0,1,0,3.0,1,acquired
835,0,1,4000000,1,0,0,0,0,0,0,0,0,0,0,0,0,1,0,0,6.0,1,closed
836,11,1,3011408,1,0,0,0,0,0,0,0,0,0,0,0,0,1,0,0,1.0,1,acquired
837,2,1,8000000,1,0,0,0,0,0,0,0,0,0,1,0,0,0,0,0,3.0,1,closed
838,15,2,12700000,0,0,0,0,0,0,0,0,0,1,0,0,1,0,0,0,1.5,1,acquired
839,5,1,300000,0,0,0,0,0,0,0,0,0,1,0,1,0,0,0,0,2.0,0,closed
840,21,1,5675000,0,1,0,0,0,0,0,0,0,0,1,0,0,0,0,0,4.0,1,acquired
841,13,1,1000000,0,0,0,0,1,0,0,0,0,0,0,1,0,0,0,0,5.0,1,acquired
842,2,1,125000,0,0,0,1,0,0,0,0,0,0,0,1,0,0,0,0,1.0,0,closed
843,2,2,700000,0,1,0,0,0,0,0,0,0,0,0,1,0,0,0,0,2.5,0,closed
844,6,2,532000,0,0,0,1,0,0,0,0,0,0,0,1,0,0,0,0,5.0,1,acquired
845,8,2,8500000,0,1,0,0,0,0,0,0,0,0,0,0,1,1,0,0,1.0,1,acquired
846,2,1,9400000,0,0,0,0,0,0,0,0,0,1,0,0,0,1,0,0,1.0,1,acquired
847,3,2,350000,0,0,1,0,0,0,0,0,0,0,0,1,0,0,0,0,1.0,1,closed
848,16,2,12300000,0,0,0,1,0,0,0,0,0,0,0,0,0,1,1,0,1.5,1,acquired
849,6,5,25413298,0,0,0,0,0,0,0,0,0,1,1,0,1,1,0,0,3.0,1,acquired
850,23,2,9800000,0,0,0,0,0,0,0,0,0,1,0,1,1,0,0,0,4.5,1,acquired
851,5,2,1015000,0,0,0,0,0,1,0,0,0,0,0,1,0,0,0,0,5.0,1,closed
852,4,5,10000003,0,0,0,1,0,0,0,0,0,0,1,0,1,1,0,0,1.5,1,acquired
853,3,2,1750000,0,0,0,0,0,0,0,0,0,1,1,1,0,0,0,0,1.0,1,acquired
854,4,1,100000,0,0,0,0,0,0,0,0,0,1,0,1,0,0,0,0,3.0,1,acquired
855,1,1,12000000,1,0,0,0,0,0,0,0,0,0,1,0,0,0,0,0,2.0,1,acquired
856,16,2,11450000,0,0,0,0,0,0,0,0,0,1,0,1,0,1,0,0,8.5,1,acquired
857,7,1,50000,0,0,0,0,1,0,0,0,0,0,0,1,0,0,0,0,3.0,0,closed
858,4,1,20000000,1,0,0,0,0,0,0,0,0,0,0,0,0,1,0,0,4.0,1,closed
859,16,2,42500000,0,0,0,0,0,0,0,0,0,1,0,0,0,0,1,1,5.5,1,acquired
860,7,3,22487000,0,0,0,0,0,0,0,0,0,1,1,0,0,1,1,0,2.3333,1,acquired
861,3,1,7800000,1,0,0,0,0,0,0,0,0,0,1,0,0,0,0,0,2.0,1,acquired
862,8,4,59000000,0,0,0,0,0,0,0,0,0,1,0,0,0,1,1,0,6.0,1,acquired
863,5,1,4000000,0,0,1,0,0,0,0,0,0,0,0,0,1,0,0,0,1.0,1,closed
864,6,4,71400000,0,0,0,0,0,0,0,0,0,1,1,0,1,0,0,0,2.6667,1,acquired
865,5,3,25500000,0,0,0,0,0,0,0,0,0,1,0,0,1,1,0,0,2.6667,1,acquired
866,28,4,28932322,0,0,0,0,1,0,0,0,0,0,1,0,0,0,1,0,2.6667,1,acquired
867,18,6,35200000,0,0,0,0,0,0,0,0,0,1,1,0,1,1,1,0,2.3333,1,acquired
868,2,2,10000000,0,0,0,0,0,0,0,0,0,1,1,0,0,0,1,0,2.5,1,closed
869,11,3,22100000,0,0,0,0,0,0,0,0,0,1,1,0,1,1,0,0,2.6667,1,acquired
870,4,5,33000000,0,0,1,0,0,0,0,0,0,0,1,0,0,1,1,1,2.0,1,acquired
871,9,1,15000000,0,0,0,0,0,0,0,1,0,0,0,0,0,0,0,0,3.0,1,acquired
872,6,3,13000000,0,0,1,0,0,0,0,0,0,0,0,0,0,0,0,1,3.0,1,acquired
873,5,2,12800000,0,0,1,0,0,0,0,0,0,0,0,0,1,1,0,0,2.5,1,acquired
874,6,2,626096,0,0,1,0,0,0,0,0,0,0,1,0,1,0,0,0,1.0,1,closed
875,12,4,20350000,0,0,0,0,0,0,0,0,0,1,0,1,1,1,0,0,3.75,1,acquired
876,1,1,10000000,0,0,0,0,0,0,0,0,0,1,1,0,0,0,0,0,3.0,1,closed
877,5,1,425000,0,1,0,0,0,0,0,0,0,0,0,1,0,0,0,0,2.0,1,acquired
878,5,3,37891054,0,0,0,0,0,0,0,0,0,1,1,0,0,1,1,0,3.0,1,acquired
879,9,5,40000000,0,0,1,0,0,0,0,0,0,0,1,0,1,1,1,0,4.0,1,acquired
880,10,3,5550000,0,0,0,0,0,1,0,0,0,0,0,0,1,1,0,0,3.0,1,acquired
881,3,1,770000,0,0,1,0,0,0,0,0,0,0,0,1,0,0,0,0,6.0,1,acquired
882,0,4,19550000,0,0,0,0,0,0,0,0,1,0,1,0,1,0,0,0,1.0,1,closed
883,6,2,4000000,0,1,0,0,0,0,0,0,0,0,1,0,0,0,0,0,1.0,0,acquired
884,14,4,42000000,0,1,0,0,0,0,0,0,0,0,0,0,1,1,1,0,2.3333,1,acquired
885,0,1,1900000,0,0,0,0,0,0,0,0,0,1,0,0,1,0,0,0,1.0,1,closed
886,21,3,45039999,0,0,0,0,0,1,0,0,0,0,0,0,1,1,1,0,3.6667,1,acquired
887,1,1,1310000,0,0,0,0,0,0,0,0,0,1,1,0,0,0,0,0,4.0,1,closed
888,3,1,3000000,0,0,0,0,0,0,0,0,0,1,0,0,1,0,0,0,3.0,0,acquired
889,9,4,36000000,1,0,0,0,0,0,0,0,0,0,0,0,1,1,1,1,3.0,1,acquired
890,3,1,3000000,1,0,0,0,0,0,0,0,0,0,1,0,0,0,0,0,1.0,0,acquired
891,1,1,1300000,0,1,0,0,0,0,0,0,0,0,0,1,0,0,0,0,8.0,1,closed
892,1,1,50000,1,0,0,0,0,0,0,0,0,0,1,0,0,0,0,0,1.0,0,closed
893,15,1,6500000,0,1,0,0,0,0,0,0,0,0,0,0,1,0,0,0,8.0,1,acquired
894,5,2,4600000,0,0,0,0,1,0,0,0,0,0,0,1,1,0,0,0,9.0,1,acquired
895,5,3,21900000,1,0,0,0,0,0,0,0,0,0,1,0,1,1,0,0,1.6667,1,acquired
896,6,1,240000,0,0,0,0,0,1,0,0,0,0,0,1,0,0,0,0,2.0,1,acquired
897,17,4,34700000,1,0,0,0,0,0,0,0,0,0,1,0,1,1,0,0,2.25,1,acquired
898,4,4,33000000,1,0,0,0,0,0,0,0,0,0,1,0,1,1,1,0,5.3333,1,acquired
899,3,2,1800000,0,0,0,0,0,0,0,0,0,1,1,1,0,0,0,0,5.0,1,closed
900,14,3,27300000,0,0,0,0,1,0,0,0,0,0,0,0,1,1,1,0,3.0,1,acquired
901,6,2,6760000,0,1,0,0,0,0,0,0,0,0,1,0,0,0,0,0,1.5,1,closed
902,24,3,26914000,1,0,0,0,0,0,0,0,0,0,0,0,1,1,1,0,6.0,1,acquired
903,1,1,27500000,0,0,0,0,0,0,0,0,0,1,0,0,0,0,1,0,7.0,1,acquired
904,4,1,9000000,0,0,0,0,0,0,0,0,0,1,0,0,0,0,0,1,2.0,1,closed
905,3,1,954000,0,0,0,0,0,0,0,0,0,1,1,0,0,0,0,0,1.0,0,closed
906,4,3,53000000,0,0,0,0,0,0,0,0,0,1,0,0,0,0,1,1,4.6667,1,acquired
907,17,4,23100000,0,0,0,0,0,0,0,0,0,1,1,0,1,1,1,0,2.0,1,acquired
908,28,4,108900000,0,0,0,0,0,0,0,0,0,1,0,0,1,1,1,0,7.5,1,acquired
909,26,4,55000000,0,1,0,0,0,0,0,0,0,0,0,0,1,1,1,1,2.75,1,acquired
910,9,2,5686383,0,0,1,0,0,0,0,0,0,0,0,0,1,0,0,0,2.0,0,acquired
911,4,6,49008830,0,0,0,0,0,0,0,1,0,0,1,0,1,0,1,0,3.0,1,closed
912,10,3,32200000,0,0,1,0,0,0,0,0,0,0,0,0,1,1,1,0,4.0,1,acquired
913,3,1,2000000,0,1,0,0,0,0,0,0,0,0,0,0,1,0,0,0,1.0,0,closed
914,5,1,2700000,0,0,0,0,0,1,0,0,0,0,0,0,1,0,0,0,2.0,1,acquired
915,6,1,2000000,0,0,0,0,1,0,0,0,0,0,0,0,1,0,0,0,2.0,0,closed
916,16,3,18000000,0,0,0,0,1,0,0,0,0,0,1,0,1,1,0,0,2.3333,1,acquired
917,9,5,122500000,0,0,1,0,0,0,0,0,0,0,1,0,0,0,1,1,5.6,1,acquired
918,9,1,1100000,0,0,0,0,1,0,0,0,0,0,0,0,1,0,0,0,6.0,1,acquired
919,1,3,52000000,0,0,0,0,0,0,0,0,0,1,1,0,0,1,0,0,2.6667,1,closed
920,5,1,44000000,0,0,0,0,0,0,0,1,0,0,0,0,0,0,0,1,8.0,1,closed
921,12,2,15500000,1,0,0,0,0,0,0,0,0,0,0,0,1,1,0,0,1.0,1,acquired
922,4,1,20000000,0,0,0,0,0,0,0,0,0,1,0,0,0,1,0,0,3.0,1,acquired
